date,pnl_pts,ret_pct_of_base
2015-01-09,14.6,0.000146
2015-01-12,56.1,0.000561
2015-01-13,-41.8,-0.00041799999999999997
2015-01-14,14.4,0.000144
2015-01-15,40.0,0.0004
2015-01-19,0.2,2e-06
2015-01-20,106.9,0.001069
2015-01-21,16.4,0.00016399999999999997
2015-01-22,17.2,0.00017199999999999998
2015-01-23,-34.8,-0.00034799999999999995
2015-01-27,56.5,0.000565
2015-01-28,1.1,1.1000000000000001e-05
2015-01-29,-52.4,-0.0005239999999999999
2015-01-30,0.0,0.0
2015-02-02,-86.6,-0.0008659999999999999
2015-02-03,-120.0,-0.0012
2015-02-04,47.6,0.000476
2015-02-05,-91.4,-0.0009140000000000001
2015-02-06,47.1,0.000471
2015-02-09,73.8,0.0007379999999999999
2015-02-10,-69.7,-0.000697
2015-02-11,26.8,0.000268
2015-02-12,-120.0,-0.0012
2015-02-13,57.3,0.0005729999999999999
2015-02-16,-46.5,-0.000465
2015-02-18,19.9,0.00019899999999999999
2015-02-19,-78.9,-0.0007890000000000001
2015-02-20,-120.0,-0.0012
2015-02-23,114.1,0.0011409999999999999
2015-02-24,0.8,8e-06
2015-02-25,-24.8,-0.000248
2015-02-26,54.1,0.000541
2015-02-27,122.0,0.00122
2015-02-28,0.0,0.0
2015-03-02,-4.200000000000003,-4.200000000000003e-05
2015-03-03,52.5,0.000525
2015-03-04,0.0,0.0
2015-03-05,-9.5,-9.5e-05
2015-03-09,117.6,0.001176
2015-03-10,24.1,0.000241
2015-03-11,19.9,0.00019899999999999999
2015-03-12,6.1,6.1e-05
2015-03-13,27.9,0.000279
2015-03-16,1.2,1.2e-05
2015-03-17,-89.6,-0.000896
2015-03-18,-27.8,-0.000278
2015-03-19,32.0,0.00032
2015-03-20,21.9,0.00021899999999999998
2015-03-23,30.3,0.000303
2015-03-24,-20.9,-0.00020899999999999998
2015-03-25,45.4,0.000454
2015-03-26,94.5,0.000945
2015-03-27,40.0,0.0004
2015-03-30,105.7,0.001057
2015-03-31,-34.4,-0.00034399999999999996
2015-04-01,35.8,0.000358
2015-04-06,72.2,0.000722
2015-04-07,-120.0,-0.0012
2015-04-08,13.7,0.000137
2015-04-09,16.4,0.00016399999999999997
2015-04-10,-4.7,-4.7000000000000004e-05
2015-04-13,50.4,0.000504
2015-04-15,74.0,0.00074
2015-04-16,40.0,0.0004
2015-04-17,70.7,0.0007070000000000001
2015-04-20,119.9,0.001199
2015-04-21,40.0,0.0004
2015-04-22,31.5,0.000315
2015-04-23,-71.1,-0.0007109999999999999
2015-04-24,53.5,0.000535
2015-04-27,90.9,0.0009090000000000001
2015-04-28,-90.8,-0.000908
2015-04-29,-120.0,-0.0012
2015-04-30,-14.7,-0.000147
2015-05-04,108.7,0.001087
2015-05-05,-80.0,-0.0008
2015-05-06,197.6,0.001976
2015-05-07,0.0,0.0
2015-05-08,39.7,0.00039700000000000005
2015-05-11,94.8,0.000948
2015-05-12,77.2,0.000772
2015-05-13,-58.0,-0.00058
2015-05-14,-62.3,-0.000623
2015-05-15,-21.7,-0.000217
2015-05-18,88.1,0.000881
2015-05-19,-2.0,-2e-05
2015-05-20,-10.2,-0.000102
2015-05-21,-92.5,-0.000925
2015-05-22,15.6,0.000156
2015-05-25,62.5,0.000625
2015-05-26,18.6,0.00018600000000000002
2015-05-27,-58.8,-0.000588
2015-05-28,-46.2,-0.000462
2015-05-29,70.2,0.000702
2015-06-01,-12.3,-0.000123
2015-06-02,168.0,0.00168
2015-06-03,55.6,0.000556
2015-06-04,-17.6,-0.00017600000000000002
2015-06-05,-15.9,-0.00015900000000000002
2015-06-08,63.4,0.000634
2015-06-09,6.9,6.900000000000001e-05
2015-06-10,30.4,0.00030399999999999996
2015-06-11,65.1,0.000651
2015-06-12,-28.8,-0.000288
2015-06-15,10.6,0.000106
2015-06-16,-15.399999999999999,-0.00015399999999999998
2015-06-17,14.1,0.00014099999999999998
2015-06-18,45.0,0.00045
2015-06-19,18.0,0.00018
2015-06-22,79.2,0.0007920000000000001
2015-06-23,25.7,0.000257
2015-06-24,-39.3,-0.00039299999999999996
2015-06-25,-17.7,-0.000177
2015-06-26,-11.8,-0.00011800000000000001
2015-06-29,-27.0,-0.00027
2015-06-30,53.8,0.000538
2015-07-01,77.1,0.000771
2015-07-02,-24.1,-0.000241
2015-07-03,-2.1,-2.1000000000000002e-05
2015-07-06,15.299999999999997,0.00015299999999999998
2015-07-07,-71.4,-0.000714
2015-07-08,51.7,0.000517
2015-07-09,22.5,0.000225
2015-07-10,6.2,6.2e-05
2015-07-13,78.1,0.0007809999999999999
2015-07-14,-15.1,-0.00015099999999999998
2015-07-15,42.7,0.000427
2015-07-16,47.2,0.00047200000000000003
2015-07-17,-16.4,-0.00016399999999999997
2015-07-20,-58.3,-0.000583
2015-07-21,-19.9,-0.00019899999999999999
2015-07-22,3.1000000000000014,3.1000000000000015e-05
2015-07-23,-21.8,-0.000218
2015-07-24,46.1,0.00046100000000000004
2015-07-27,86.2,0.000862
2015-07-28,29.5,0.000295
2015-07-29,-35.1,-0.000351
2015-07-30,6.2,6.2e-05
2015-07-31,48.3,0.000483
2015-08-03,-2.3,-2.2999999999999997e-05
2015-08-04,-54.6,-0.000546
2015-08-05,-13.2,-0.00013199999999999998
2015-08-06,-54.5,-0.000545
2015-08-07,-17.9,-0.000179
2015-08-10,-36.9,-0.00036899999999999997
2015-08-11,46.6,0.000466
2015-08-12,68.7,0.000687
2015-08-13,2.6,2.6000000000000002e-05
2015-08-14,126.0,0.00126
2015-08-17,-96.5,-0.000965
2015-08-18,-81.3,-0.0008129999999999999
2015-08-19,-38.5,-0.000385
2015-08-20,92.9,0.000929
2015-08-21,-70.9,-0.0007090000000000001
2015-08-24,119.9,0.001199
2015-08-25,120.0,0.0012
2015-08-26,-17.8,-0.00017800000000000002
2015-08-27,57.4,0.000574
2015-08-28,-15.600000000000001,-0.00015600000000000002
2015-08-31,-61.0,-0.00061
2015-09-01,120.0,0.0012
2015-09-02,51.9,0.000519
2015-09-03,29.0,0.00029
2015-09-04,102.6,0.001026
2015-09-07,81.7,0.000817
2015-09-08,-31.4,-0.000314
2015-09-09,1.8,1.8e-05
2015-09-10,-120.0,-0.0012
2015-09-11,-20.5,-0.000205
2015-09-14,-11.600000000000001,-0.00011600000000000001
2015-09-15,-31.3,-0.000313
2015-09-16,9.3,9.300000000000001e-05
2015-09-18,-18.9,-0.00018899999999999999
2015-09-21,-71.8,-0.000718
2015-09-22,112.1,0.001121
2015-09-23,-50.6,-0.000506
2015-09-24,-56.2,-0.000562
2015-09-28,-29.4,-0.000294
2015-09-29,0.0,0.0
2015-09-30,51.5,0.000515
2015-10-01,-48.6,-0.000486
2015-10-05,84.8,0.000848
2015-10-06,-19.1,-0.000191
2015-10-07,23.9,0.00023899999999999998
2015-10-08,-54.3,-0.000543
2015-10-09,-54.5,-0.000545
2015-10-12,-54.8,-0.000548
2015-10-13,11.5,0.000115
2015-10-14,-19.2,-0.000192
2015-10-15,23.1,0.000231
2015-10-16,-16.4,-0.00016399999999999997
2015-10-19,22.8,0.000228
2015-10-20,-39.1,-0.000391
2015-10-21,-39.5,-0.000395
2015-10-23,-16.2,-0.00016199999999999998
2015-10-26,41.4,0.000414
2015-10-27,3.0,3e-05
2015-10-28,21.7,0.000217
2015-10-29,31.6,0.00031600000000000004
2015-10-30,65.0,0.00065
2015-11-02,-5.1,-5.1e-05
2015-11-03,-46.6,-0.000466
2015-11-04,-4.600000000000001,-4.6000000000000014e-05
2015-11-05,57.8,0.000578
2015-11-06,11.3,0.00011300000000000001
2015-11-09,-69.4,-0.0006940000000000001
2015-11-10,75.0,0.00075
2015-11-13,-9.8,-9.800000000000001e-05
2015-11-16,-19.0,-0.00019
2015-11-17,-94.8,-0.000948
2015-11-18,0.6000000000000014,6.0000000000000146e-06
2015-11-19,47.4,0.000474
2015-11-20,10.4,0.00010400000000000001
2015-11-23,22.4,0.000224
2015-11-24,10.6,0.000106
2015-11-26,20.9,0.00020899999999999998
2015-11-27,46.4,0.000464
2015-11-30,-9.6,-9.6e-05
2015-12-01,-11.4,-0.000114
2015-12-02,-47.4,-0.000474
2015-12-03,41.9,0.000419
2015-12-04,15.6,0.000156
2015-12-07,31.8,0.00031800000000000003
2015-12-08,52.5,0.000525
2015-12-09,62.5,0.000625
2015-12-10,-22.9,-0.00022899999999999998
2015-12-11,-9.0,-9e-05
2015-12-14,-114.9,-0.001149
2015-12-15,33.7,0.000337
2015-12-16,21.2,0.000212
2015-12-17,-30.700000000000003,-0.00030700000000000004
2015-12-18,-17.1,-0.000171
2015-12-21,-24.4,-0.000244
2015-12-22,-35.9,-0.000359
2015-12-23,10.8,0.00010800000000000001
2015-12-24,-5.9,-5.9000000000000004e-05
2015-12-28,30.8,0.000308
2015-12-29,-6.8,-6.8e-05
2015-12-30,-38.7,-0.00038700000000000003
2015-12-31,-38.8,-0.000388
2016-01-01,25.2,0.000252
2016-01-04,133.6,0.001336
2016-01-05,16.8,0.00016800000000000002
2016-01-06,38.3,0.000383
2016-01-07,74.8,0.000748
2016-01-08,-16.7,-0.000167
2016-01-11,-90.6,-0.0009059999999999999
2016-01-12,-15.3,-0.000153
2016-01-13,-57.6,-0.000576
2016-01-14,0.0,0.0
2016-01-15,50.5,0.000505
2016-01-18,70.5,0.000705
2016-01-19,-16.5,-0.000165
2016-01-20,2.2,2.2000000000000003e-05
2016-01-21,-120.0,-0.0012
2016-01-22,80.4,0.000804
2016-01-25,-48.6,-0.000486
2016-01-27,-67.9,-0.000679
2016-01-28,14.5,0.000145
2016-01-29,98.8,0.000988
2016-02-01,-20.5,-0.000205
2016-02-02,99.1,0.000991
2016-02-03,-20.6,-0.00020600000000000002
2016-02-04,-80.0,-0.0008
2016-02-05,66.6,0.0006659999999999999
2016-02-08,38.3,0.000383
2016-02-09,-7.7,-7.7e-05
2016-02-10,34.6,0.000346
2016-02-11,188.7,0.0018869999999999998
2016-02-12,11.2,0.000112
2016-02-15,78.1,0.0007809999999999999
2016-02-16,51.1,0.0005110000000000001
2016-02-17,-14.5,-0.000145
2016-02-18,-79.8,-0.000798
2016-02-19,12.6,0.000126
2016-02-22,15.8,0.00015800000000000002
2016-02-23,105.8,0.001058
2016-02-24,51.1,0.0005110000000000001
2016-02-25,30.9,0.000309
2016-02-26,20.1,0.000201
2016-02-29,-120.0,-0.0012
2016-03-01,158.4,0.0015840000000000001
2016-03-02,42.4,0.000424
2016-03-03,43.6,0.000436
2016-03-04,30.6,0.000306
2016-03-08,-67.1,-0.0006709999999999999
2016-03-09,12.200000000000003,0.00012200000000000002
2016-03-10,-49.1,-0.000491
2016-03-11,-80.2,-0.000802
2016-03-14,-37.6,-0.00037600000000000003
2016-03-15,51.2,0.000512
2016-03-16,-38.2,-0.000382
2016-03-17,6.200000000000003,6.200000000000003e-05
2016-03-18,0.0,0.0
2016-03-21,67.9,0.000679
2016-03-22,-76.6,-0.000766
2016-03-23,4.9,4.9000000000000005e-05
2016-03-28,13.7,0.000137
2016-03-29,-78.1,-0.0007809999999999999
2016-03-30,83.6,0.0008359999999999999
2016-03-31,-40.0,-0.0004
2016-04-01,1.4,1.4e-05
2016-04-04,-77.1,-0.000771
2016-04-05,126.6,0.001266
2016-04-06,-14.4,-0.000144
2016-04-07,54.4,0.000544
2016-04-08,-14.4,-0.000144
2016-04-11,-20.1,-0.000201
2016-04-12,25.0,0.00025
2016-04-13,48.8,0.000488
2016-04-18,48.2,0.000482
2016-04-20,5.9,5.9000000000000004e-05
2016-04-21,-72.4,-0.000724
2016-04-22,-13.9,-0.000139
2016-04-25,28.1,0.000281
2016-04-26,13.600000000000001,0.00013600000000000003
2016-04-27,5.4,5.4000000000000005e-05
2016-04-28,36.3,0.000363
2016-04-29,-22.4,-0.000224
2016-05-02,-6.9,-6.900000000000001e-05
2016-05-03,22.1,0.000221
2016-05-04,20.1,0.000201
2016-05-05,8.3,8.300000000000001e-05
2016-05-06,-26.2,-0.00026199999999999997
2016-05-09,80.8,0.000808
2016-05-10,25.3,0.000253
2016-05-11,6.2,6.2e-05
2016-05-12,-80.7,-0.000807
2016-05-13,17.2,0.00017199999999999998
2016-05-16,-27.3,-0.000273
2016-05-17,-20.8,-0.00020800000000000001
2016-05-18,-35.3,-0.00035299999999999996
2016-05-19,74.0,0.00074
2016-05-20,23.8,0.000238
2016-05-23,36.9,0.00036899999999999997
2016-05-24,-28.6,-0.000286
2016-05-25,85.8,0.0008579999999999999
2016-05-26,112.8,0.0011279999999999999
2016-05-27,48.9,0.000489
2016-05-30,-17.2,-0.00017199999999999998
2016-05-31,-38.0,-0.00038
2016-06-01,-2.4,-2.4e-05
2016-06-02,-34.6,-0.000346
2016-06-03,-24.9,-0.000249
2016-06-06,12.0,0.00012
2016-06-07,38.9,0.00038899999999999997
2016-06-08,-1.9,-1.8999999999999998e-05
2016-06-09,56.2,0.000562
2016-06-10,-51.2,-0.000512
2016-06-13,-18.9,-0.00018899999999999999
2016-06-14,2.9,2.9e-05
2016-06-15,63.2,0.0006320000000000001
2016-06-16,-49.1,-0.000491
2016-06-17,-48.2,-0.000482
2016-06-20,51.0,0.00051
2016-06-21,-19.3,-0.000193
2016-06-22,-57.9,-0.000579
2016-06-23,-2.5,-2.5e-05
2016-06-24,0.0,0.0
2016-06-27,12.4,0.000124
2016-06-28,13.2,0.00013199999999999998
2016-06-29,34.1,0.000341
2016-06-30,23.5,0.000235
2016-07-01,0.6,6e-06
2016-07-04,-9.8,-9.800000000000001e-05
2016-07-05,24.4,0.000244
2016-07-07,-9.5,-9.5e-05
2016-07-08,-27.9,-0.000279
2016-07-11,32.2,0.000322
2016-07-12,22.6,0.00022600000000000002
2016-07-13,-21.4,-0.000214
2016-07-14,46.9,0.00046899999999999996
2016-07-15,-47.6,-0.000476
2016-07-18,-14.100000000000001,-0.000141
2016-07-19,-21.4,-0.000214
2016-07-20,9.9,9.900000000000001e-05
2016-07-21,-19.3,-0.000193
2016-07-22,-30.7,-0.000307
2016-07-25,85.0,0.00085
2016-07-26,-38.9,-0.00038899999999999997
2016-07-27,-54.8,-0.000548
2016-07-28,27.4,0.000274
2016-07-29,-15.5,-0.000155
2016-08-01,-41.9,-0.000419
2016-08-02,-28.9,-0.000289
2016-08-03,51.8,0.000518
2016-08-04,-11.2,-0.000112
2016-08-05,56.1,0.000561
2016-08-08,-12.9,-0.000129
2016-08-09,28.2,0.00028199999999999997
2016-08-10,106.0,0.00106
2016-08-11,-120.0,-0.0012
2016-08-12,33.4,0.000334
2016-08-16,-55.0,-0.00055
2016-08-17,-56.6,-0.000566
2016-08-18,7.9,7.900000000000001e-05
2016-08-19,-18.3,-0.000183
2016-08-22,-47.0,-0.00047
2016-08-23,-23.1,-0.000231
2016-08-24,-2.5,-2.5e-05
2016-08-25,8.600000000000001,8.600000000000002e-05
2016-08-26,33.3,0.00033299999999999996
2016-08-29,-24.0,-0.00024
2016-08-30,87.9,0.000879
2016-08-31,8.2,8.199999999999999e-05
2016-09-01,-15.2,-0.00015199999999999998
2016-09-02,-57.2,-0.000572
2016-09-06,71.9,0.000719
2016-09-07,-55.6,-0.000556
2016-09-08,-40.5,-0.000405
2016-09-09,45.8,0.00045799999999999997
2016-09-12,24.1,0.000241
2016-09-14,-24.5,-0.000245
2016-09-15,6.4,6.4e-05
2016-09-16,-48.8,-0.000488
2016-09-19,-4.9,-4.9000000000000005e-05
2016-09-20,16.0,0.00016
2016-09-21,-14.4,-0.000144
2016-09-22,-10.8,-0.00010800000000000001
2016-09-23,-35.1,-0.000351
2016-09-26,70.1,0.0007009999999999999
2016-09-27,19.8,0.00019800000000000002
2016-09-28,-49.6,-0.000496
2016-09-29,55.9,0.000559
2016-09-30,-83.6,-0.0008359999999999999
2016-10-03,114.1,0.0011409999999999999
2016-10-04,15.6,0.000156
2016-10-05,-31.4,-0.000314
2016-10-06,-40.3,-0.000403
2016-10-07,7.9,7.900000000000001e-05
2016-10-10,-22.4,-0.000224
2016-10-13,63.7,0.000637
2016-10-14,-46.7,-0.000467
2016-10-17,-15.8,-0.00015800000000000002
2016-10-18,90.5,0.000905
2016-10-19,-107.9,-0.001079
2016-10-20,-5.3,-5.3e-05
2016-10-21,-14.5,-0.000145
2016-10-24,14.9,0.00014900000000000002
2016-10-25,7.2,7.2e-05
2016-10-26,28.0,0.00028
2016-10-27,-39.6,-0.00039600000000000003
2016-10-28,36.2,0.000362
2016-11-01,-72.8,-0.000728
2016-11-02,6.6,6.599999999999999e-05
2016-11-03,30.4,0.00030399999999999996
2016-11-04,43.0,0.00043
2016-11-07,-22.8,-0.000228
2016-11-08,-91.5,-0.000915
2016-11-09,29.700000000000003,0.000297
2016-11-10,-15.0,-0.00015
2016-11-11,120.0,0.0012
2016-11-15,92.1,0.0009209999999999999
2016-11-16,-30.799999999999997,-0.00030799999999999995
2016-11-17,37.4,0.000374
2016-11-18,-75.4,-0.000754
2016-11-21,95.9,0.0009590000000000001
2016-11-22,-18.5,-0.000185
2016-11-23,20.7,0.000207
2016-11-24,-93.1,-0.000931
2016-11-25,98.5,0.000985
2016-11-28,13.6,0.000136
2016-11-29,-12.0,-0.00012
2016-11-30,-19.8,-0.00019800000000000002
2016-12-01,-84.2,-0.000842
2016-12-02,40.2,0.000402
2016-12-05,-34.1,-0.000341
2016-12-06,-30.6,-0.000306
2016-12-07,-41.9,-0.000419
2016-12-08,42.8,0.000428
2016-12-09,0.1,1e-06
2016-12-12,51.9,0.000519
2016-12-13,-28.7,-0.000287
2016-12-14,-22.7,-0.000227
2016-12-15,-63.8,-0.000638
2016-12-16,15.8,0.00015800000000000002
2016-12-19,11.9,0.000119
2016-12-20,22.6,0.00022600000000000002
2016-12-21,21.5,0.000215
2016-12-22,45.9,0.000459
2016-12-23,-61.5,-0.000615
2016-12-26,28.7,0.000287
2016-12-27,30.9,0.000309
2016-12-28,-20.4,-0.000204
2016-12-29,-27.0,-0.00027
2016-12-30,33.6,0.00033600000000000004
2017-01-02,-54.6,-0.000546
2017-01-03,-45.3,-0.00045299999999999995
2017-01-04,-15.0,-0.00015
2017-01-05,30.9,0.000309
2017-01-06,-34.8,-0.00034799999999999995
2017-01-09,1.3,1.3000000000000001e-05
2017-01-10,20.7,0.000207
2017-01-11,49.9,0.000499
2017-01-12,12.6,0.000126
2017-01-13,-55.8,-0.000558
2017-01-16,-44.4,-0.000444
2017-01-17,-24.2,-0.000242
2017-01-18,-18.0,-0.00018
2017-01-19,-14.2,-0.00014199999999999998
2017-01-20,63.9,0.000639
2017-01-23,-27.0,-0.00027
2017-01-24,57.2,0.000572
2017-01-25,91.5,0.000915
2017-01-27,1.7,1.7e-05
2017-01-30,7.9,7.900000000000001e-05
2017-01-31,41.3,0.00041299999999999996
2017-02-01,31.5,0.000315
2017-02-02,6.9,6.900000000000001e-05
2017-02-03,-6.9,-6.900000000000001e-05
2017-02-06,9.1,9.1e-05
2017-02-07,-45.9,-0.000459
2017-02-08,-7.5,-7.5e-05
2017-02-09,-70.2,-0.000702
2017-02-10,-40.5,-0.000405
2017-02-13,-80.0,-0.0008
2017-02-14,-8.5,-8.5e-05
2017-02-15,63.2,0.0006320000000000001
2017-02-16,-29.9,-0.000299
2017-02-17,6.8,6.8e-05
2017-02-20,-15.3,-0.000153
2017-02-21,17.8,0.00017800000000000002
2017-02-22,-2.4,-2.4e-05
2017-02-23,-7.4,-7.400000000000001e-05
2017-02-27,41.3,0.00041299999999999996
2017-02-28,23.2,0.000232
2017-03-01,19.4,0.000194
2017-03-02,-10.100000000000001,-0.00010100000000000002
2017-03-03,-10.7,-0.000107
2017-03-06,31.6,0.00031600000000000004
2017-03-07,-20.3,-0.000203
2017-03-08,-51.8,-0.000518
2017-03-09,-19.9,-0.00019899999999999999
2017-03-10,-68.1,-0.000681
2017-03-14,4.8,4.8e-05
2017-03-15,-7.9,-7.900000000000001e-05
2017-03-16,18.4,0.00018399999999999997
2017-03-17,-18.6,-0.00018600000000000002
2017-03-20,5.0,5e-05
2017-03-21,-65.5,-0.000655
2017-03-22,38.7,0.00038700000000000003
2017-03-23,22.9,0.00022899999999999998
2017-03-24,2.3,2.2999999999999997e-05
2017-03-27,29.5,0.000295
2017-03-28,15.0,0.00015
2017-03-29,26.7,0.000267
2017-03-30,7.4,7.400000000000001e-05
2017-03-31,3.3,3.2999999999999996e-05
2017-04-03,44.6,0.000446
2017-04-05,20.1,0.000201
2017-04-06,-13.4,-0.000134
2017-04-07,-31.2,-0.000312
2017-04-10,29.5,0.000295
2017-04-11,-38.6,-0.000386
2017-04-12,-95.1,-0.0009509999999999999
2017-04-13,33.9,0.000339
2017-04-17,7.9,7.900000000000001e-05
2017-04-18,6.0,6e-05
2017-04-19,0.8,8e-06
2017-04-20,13.2,0.00013199999999999998
2017-04-21,-48.0,-0.00048
2017-04-24,58.3,0.000583
2017-04-25,39.3,0.00039299999999999996
2017-04-26,14.8,0.00014800000000000002
2017-04-27,-24.0,-0.00024
2017-04-28,7.4,7.400000000000001e-05
2017-05-02,-71.9,-0.000719
2017-05-03,-27.0,-0.00027
2017-05-04,8.4,8.400000000000001e-05
2017-05-05,47.4,0.000474
2017-05-08,-8.2,-8.199999999999999e-05
2017-05-09,-12.2,-0.000122
2017-05-10,58.9,0.000589
2017-05-11,-23.9,-0.00023899999999999998
2017-05-12,18.0,0.00018
2017-05-15,7.5,7.5e-05
2017-05-16,50.0,0.0005
2017-05-17,8.4,8.400000000000001e-05
2017-05-18,63.5,0.000635
2017-05-19,-39.6,-0.00039600000000000003
2017-05-22,-26.9,-0.000269
2017-05-23,36.9,0.00036899999999999997
2017-05-24,26.4,0.00026399999999999997
2017-05-25,82.3,0.000823
2017-05-26,74.5,0.000745
2017-05-29,-28.1,-0.000281
2017-05-30,13.0,0.00013
2017-05-31,-2.4,-2.4e-05
2017-06-01,6.3,6.3e-05
2017-06-02,-21.9,-0.00021899999999999998
2017-06-05,22.9,0.00022899999999999998
2017-06-06,-34.4,-0.00034399999999999996
2017-06-07,0.4,4e-06
2017-06-08,-33.1,-0.000331
2017-06-09,-47.1,-0.000471
2017-06-12,0.9,9e-06
2017-06-13,-40.8,-0.000408
2017-06-14,-6.4,-6.4e-05
2017-06-15,-47.9,-0.000479
2017-06-16,-17.8,-0.00017800000000000002
2017-06-19,26.0,0.00026
2017-06-20,-17.1,-0.000171
2017-06-21,-10.3,-0.00010300000000000001
2017-06-22,-30.1,-0.000301
2017-06-23,42.7,0.000427
2017-06-27,54.1,0.000541
2017-06-28,6.4,6.4e-05
2017-06-29,-38.2,-0.000382
2017-06-30,-80.4,-0.000804
2017-07-03,65.8,0.000658
2017-07-04,-48.3,-0.000483
2017-07-05,-30.6,-0.000306
2017-07-06,24.1,0.000241
2017-07-07,-4.9,-4.9000000000000005e-05
2017-07-10,61.8,0.000618
2017-07-11,-10.1,-0.000101
2017-07-12,2.1,2.1000000000000002e-05
2017-07-13,9.5,9.5e-05
2017-07-14,-14.0,-0.00014
2017-07-17,3.4,3.4e-05
2017-07-18,39.2,0.00039200000000000004
2017-07-19,36.6,0.000366
2017-07-20,-34.6,-0.000346
2017-07-21,-66.4,-0.0006640000000000001
2017-07-24,34.6,0.000346
2017-07-25,-24.6,-0.000246
2017-07-26,43.9,0.000439
2017-07-27,-43.2,-0.00043200000000000004
2017-07-28,-53.8,-0.000538
2017-07-31,34.7,0.00034700000000000003
2017-08-01,29.7,0.000297
2017-08-02,-19.8,-0.00019800000000000002
2017-08-03,55.6,0.000556
2017-08-04,-5.799999999999997,-5.799999999999997e-05
2017-08-07,-35.1,-0.000351
2017-08-08,9.899999999999999,9.899999999999998e-05
2017-08-09,36.0,0.00036
2017-08-10,40.0,0.0004
2017-08-11,-6.200000000000003,-6.200000000000003e-05
2017-08-14,7.8,7.8e-05
2017-08-16,67.4,0.000674
2017-08-17,-9.6,-9.6e-05
2017-08-18,11.3,0.00011300000000000001
2017-08-21,34.8,0.00034799999999999995
2017-08-22,3.9,3.9e-05
2017-08-23,41.6,0.00041600000000000003
2017-08-24,0.7,7e-06
2017-08-28,18.2,0.000182
2017-08-29,71.5,0.000715
2017-08-30,8.4,8.400000000000001e-05
2017-08-31,-30.9,-0.000309
2017-09-01,46.8,0.000468
2017-09-04,33.0,0.00033
2017-09-05,9.6,9.6e-05
2017-09-06,-10.5,-0.000105
2017-09-07,-39.7,-0.00039700000000000005
2017-09-08,-34.9,-0.00034899999999999997
2017-09-11,21.5,0.000215
2017-09-12,49.6,0.000496
2017-09-13,-7.6,-7.599999999999999e-05
2017-09-14,-53.8,-0.000538
2017-09-15,-10.4,-0.00010400000000000001
2017-09-18,0.4,4e-06
2017-09-19,-4.1,-4.0999999999999994e-05
2017-09-20,-19.1,-0.000191
2017-09-21,-91.4,-0.0009140000000000001
2017-09-22,95.4,0.0009540000000000001
2017-09-25,50.0,0.0005
2017-09-26,-63.7,-0.000637
2017-09-27,57.1,0.000571
2017-09-28,-51.8,-0.000518
2017-09-29,-27.5,-0.000275
2017-10-03,9.4,9.400000000000001e-05
2017-10-04,59.2,0.0005920000000000001
2017-10-05,-41.9,-0.000419
2017-10-06,55.0,0.00055
2017-10-09,11.4,0.000114
2017-10-10,-4.0,-4e-05
2017-10-11,-16.8,-0.00016800000000000002
2017-10-12,27.299999999999997,0.00027299999999999997
2017-10-13,24.2,0.000242
2017-10-16,-16.4,-0.00016399999999999997
2017-10-17,10.6,0.000106
2017-10-18,-14.9,-0.00014900000000000002
2017-10-23,-19.2,-0.000192
2017-10-24,12.0,0.00012
2017-10-25,25.9,0.000259
2017-10-26,46.5,0.000465
2017-10-27,-29.9,-0.000299
2017-10-30,-1.5,-1.5e-05
2017-10-31,1.6,1.6e-05
2017-11-01,31.6,0.00031600000000000004
2017-11-02,-19.9,-0.00019899999999999999
2017-11-03,-38.5,-0.000385
2017-11-06,-80.0,-0.0008
2017-11-07,32.5,0.000325
2017-11-08,35.8,0.000358
2017-11-09,-46.8,-0.000468
2017-11-10,-120.0,-0.0012
2017-11-13,62.1,0.000621
2017-11-14,59.2,0.0005920000000000001
2017-11-15,29.4,0.000294
2017-11-16,74.3,0.000743
2017-11-17,-23.9,-0.00023899999999999998
2017-11-20,-17.8,-0.00017800000000000002
2017-11-21,-14.5,-0.000145
2017-11-22,-61.8,-0.000618
2017-11-23,7.4,7.400000000000001e-05
2017-11-24,14.2,0.00014199999999999998
2017-11-27,-39.1,-0.000391
2017-11-28,-41.4,-0.000414
2017-11-29,14.1,0.00014099999999999998
2017-11-30,67.2,0.0006720000000000001
2017-12-01,119.6,0.001196
2017-12-04,-32.2,-0.000322
2017-12-05,-14.0,-0.00014
2017-12-06,54.9,0.000549
2017-12-07,68.8,0.0006879999999999999
2017-12-08,45.0,0.00045
2017-12-11,21.5,0.000215
2017-12-12,47.5,0.000475
2017-12-13,-64.0,-0.00064
2017-12-14,-27.6,-0.00027600000000000004
2017-12-15,-12.1,-0.000121
2017-12-18,-77.0,-0.00077
2017-12-19,38.8,0.000388
2017-12-20,-21.0,-0.00021
2017-12-21,24.6,0.000246
2017-12-22,20.6,0.00020600000000000002
2017-12-26,21.1,0.000211
2017-12-27,-39.1,-0.000391
2017-12-28,39.0,0.00039
2017-12-29,15.7,0.000157
2018-01-01,10.100000000000001,0.00010100000000000002
2018-01-02,36.7,0.00036700000000000003
2018-01-03,-20.4,-0.000204
2018-01-04,-21.1,-0.000211
2018-01-05,22.2,0.000222
2018-01-08,9.2,9.199999999999999e-05
2018-01-09,4.8,4.8e-05
2018-01-10,-57.2,-0.000572
2018-01-11,20.0,0.0002
2018-01-12,-88.7,-0.000887
2018-01-15,3.9,3.9e-05
2018-01-16,-42.4,-0.000424
2018-01-17,18.6,0.00018600000000000002
2018-01-18,-32.9,-0.000329
2018-01-19,8.399999999999999,8.399999999999998e-05
2018-01-22,52.1,0.000521
2018-01-23,65.4,0.0006540000000000001
2018-01-24,-51.5,-0.000515
2018-01-25,-1.0,-1e-05
2018-01-29,8.4,8.400000000000001e-05
2018-01-30,41.5,0.000415
2018-01-31,9.9,9.900000000000001e-05
2018-02-01,0.0,0.0
2018-02-02,196.5,0.001965
2018-02-05,-64.2,-0.000642
2018-02-06,-1.499999999999993,-1.499999999999993e-05
2018-02-07,-120.0,-0.0012
2018-02-08,42.2,0.000422
2018-02-09,-98.6,-0.000986
2018-02-12,5.600000000000001,5.600000000000001e-05
2018-02-14,-37.8,-0.00037799999999999997
2018-02-15,-35.6,-0.00035600000000000003
2018-02-16,60.8,0.0006079999999999999
2018-02-19,40.0,0.0004
2018-02-20,-32.5,-0.000325
2018-02-21,-25.7,-0.000257
2018-02-22,-84.2,-0.000842
2018-02-23,66.5,0.000665
2018-02-26,41.5,0.000415
2018-02-27,-58.8,-0.000588
2018-02-28,-29.7,-0.000297
2018-03-01,-8.600000000000001,-8.600000000000002e-05
2018-03-05,24.8,0.000248
2018-03-06,0.0,0.0
2018-03-07,42.8,0.000428
2018-03-08,-25.2,-0.000252
2018-03-09,-10.0,-0.0001
2018-03-12,110.4,0.0011040000000000002
2018-03-13,-51.7,-0.000517
2018-03-14,-16.1,-0.000161
2018-03-15,-20.9,-0.00020899999999999998
2018-03-16,88.6,0.000886
2018-03-19,114.3,0.001143
2018-03-20,-120.0,-0.0012
2018-03-21,-32.6,-0.000326
2018-03-22,0.10000000000000142,1.0000000000000141e-06
2018-03-23,7.9,7.900000000000001e-05
2018-03-26,61.0,0.00061
2018-03-27,14.6,0.000146
2018-03-28,10.9,0.000109
2018-04-02,67.9,0.000679
2018-04-03,-58.6,-0.000586
2018-04-04,65.4,0.0006540000000000001
2018-04-05,81.2,0.000812
2018-04-06,10.5,0.000105
2018-04-09,4.2,4.2000000000000004e-05
2018-04-10,-7.8,-7.8e-05
2018-04-11,-42.2,-0.000422
2018-04-12,38.1,0.000381
2018-04-13,-40.0,-0.0004
2018-04-16,-17.1,-0.000171
2018-04-17,19.8,0.00019800000000000002
2018-04-18,-51.3,-0.000513
2018-04-19,1.5,1.5e-05
2018-04-20,-35.8,-0.000358
2018-04-23,15.3,0.000153
2018-04-24,-51.4,-0.000514
2018-04-25,17.4,0.00017399999999999997
2018-04-26,22.2,0.000222
2018-04-27,13.5,0.000135
2018-04-30,-8.0,-8e-05
2018-05-02,-120.0,-0.0012
2018-05-03,20.6,0.00020600000000000002
2018-05-04,40.4,0.000404
2018-05-07,76.2,0.000762
2018-05-08,-42.5,-0.000425
2018-05-09,-48.4,-0.000484
2018-05-10,-4.899999999999999,-4.8999999999999985e-05
2018-05-11,48.2,0.000482
2018-05-14,-55.1,-0.0005510000000000001
2018-05-15,-33.4,-0.000334
2018-05-16,-68.4,-0.000684
2018-05-17,68.4,0.000684
2018-05-18,57.1,0.000571
2018-05-21,78.0,0.00078
2018-05-22,-97.1,-0.000971
2018-05-23,78.6,0.0007859999999999999
2018-05-24,2.5,2.5e-05
2018-05-25,59.5,0.000595
2018-05-28,17.3,0.000173
2018-05-29,-20.0,-0.0002
2018-05-30,-93.2,-0.000932
2018-05-31,76.8,0.000768
2018-06-01,-25.4,-0.000254
2018-06-04,41.9,0.000419
2018-06-05,15.1,0.00015099999999999998
2018-06-06,66.2,0.000662
2018-06-07,4.9,4.9000000000000005e-05
2018-06-08,-43.8,-0.00043799999999999997
2018-06-11,-27.0,-0.00027
2018-06-12,-40.4,-0.000404
2018-06-13,-17.7,-0.000177
2018-06-14,8.9,8.900000000000001e-05
2018-06-15,-86.9,-0.0008690000000000001
2018-06-18,-29.6,-0.00029600000000000004
2018-06-19,53.6,0.000536
2018-06-20,32.8,0.00032799999999999995
2018-06-21,-27.6,-0.00027600000000000004
2018-06-22,19.1,0.000191
2018-06-25,-29.5,-0.000295
2018-06-26,-66.3,-0.000663
2018-06-27,84.4,0.000844
2018-06-28,65.2,0.000652
2018-06-29,55.1,0.0005510000000000001
2018-07-02,-0.5,-5e-06
2018-07-03,53.2,0.000532
2018-07-04,71.0,0.00071
2018-07-05,-13.1,-0.00013099999999999999
2018-07-06,-61.4,-0.000614
2018-07-09,13.8,0.00013800000000000002
2018-07-10,55.1,0.0005510000000000001
2018-07-11,-0.9,-9e-06
2018-07-12,-3.2,-3.2e-05
2018-07-13,-45.2,-0.00045200000000000004
2018-07-16,76.0,0.00076
2018-07-17,-27.3,-0.000273
2018-07-18,-68.6,-0.000686
2018-07-19,1.0,1e-05
2018-07-20,21.9,0.00021899999999999998
2018-07-23,36.5,0.000365
2018-07-24,14.2,0.00014199999999999998
2018-07-25,-17.0,-0.00017
2018-07-26,-80.0,-0.0008
2018-07-27,47.0,0.00047
2018-07-30,21.6,0.00021600000000000002
2018-07-31,-5.600000000000001,-5.600000000000001e-05
2018-08-01,-19.4,-0.000194
2018-08-02,68.8,0.0006879999999999999
2018-08-03,40.0,0.0004
2018-08-06,-45.5,-0.000455
2018-08-07,-95.4,-0.0009540000000000001
2018-08-08,-13.3,-0.000133
2018-08-09,-6.0,-6e-05
2018-08-10,38.5,0.000385
2018-08-13,-85.8,-0.0008579999999999999
2018-08-14,27.2,0.000272
2018-08-16,22.2,0.000222
2018-08-17,6.0,6e-05
2018-08-20,32.7,0.00032700000000000003
2018-08-21,2.7,2.7000000000000002e-05
2018-08-23,-92.2,-0.0009220000000000001
2018-08-24,-47.1,-0.000471
2018-08-27,51.8,0.000518
2018-08-28,-17.5,-0.000175
2018-08-29,-20.1,-0.000201
2018-08-30,-2.2,-2.2000000000000003e-05
2018-08-31,-94.1,-0.000941
2018-09-03,26.200000000000003,0.000262
2018-09-04,68.1,0.000681
2018-09-05,40.0,0.0004
2018-09-06,-69.8,-0.0006979999999999999
2018-09-07,61.8,0.000618
2018-09-10,76.5,0.000765
2018-09-11,145.2,0.001452
2018-09-12,-18.5,-0.000185
2018-09-14,64.5,0.000645
2018-09-17,34.7,0.00034700000000000003
2018-09-18,102.1,0.001021
2018-09-19,69.1,0.000691
2018-09-21,120.0,0.0012
2018-09-24,120.0,0.0012
2018-09-25,-120.0,-0.0012
2018-09-26,-120.0,-0.0012
2018-09-27,-6.200000000000003,-6.200000000000003e-05
2018-09-28,-120.0,-0.0012
2018-10-01,0.0,0.0
2018-10-03,-23.200000000000003,-0.00023200000000000003
2018-10-04,0.0,0.0
2018-10-05,234.0,0.00234
2018-10-08,-3.4000000000000057,-3.4000000000000054e-05
2018-10-09,-120.0,-0.0012
2018-10-10,101.0,0.00101
2018-10-11,-120.0,-0.0012
2018-10-12,22.1,0.000221
2018-10-15,11.600000000000001,0.00011600000000000001
2018-10-16,15.7,0.000157
2018-10-17,0.0,0.0
2018-10-19,3.700000000000003,3.7000000000000025e-05
2018-10-22,-39.0,-0.00039
2018-10-23,0.0,0.0
2018-10-24,-120.0,-0.0012
2018-10-25,0.4,4e-06
2018-10-26,-120.0,-0.0012
2018-10-29,149.8,0.0014980000000000002
2018-10-30,-38.5,-0.000385
2018-10-31,120.0,0.0012
2018-11-01,-22.9,-0.00022899999999999998
2018-11-02,76.6,0.000766
2018-11-05,11.1,0.000111
2018-11-06,-36.1,-0.000361
2018-11-09,0.5,5e-06
2018-11-12,53.8,0.000538
2018-11-13,40.0,0.0004
2018-11-14,-120.0,-0.0012
2018-11-15,-51.8,-0.000518
2018-11-16,22.1,0.000221
2018-11-19,42.8,0.000428
2018-11-20,67.4,0.000674
2018-11-21,30.5,0.000305
2018-11-22,8.399999999999999,8.399999999999998e-05
2018-11-26,19.299999999999997,0.00019299999999999997
2018-11-27,55.0,0.00055
2018-11-28,-4.0,-4e-05
2018-11-29,78.2,0.000782
2018-11-30,-62.1,-0.000621
2018-12-03,-62.3,-0.000623
2018-12-04,-23.0,-0.00023
2018-12-05,14.7,0.000147
2018-12-06,112.8,0.0011279999999999999
2018-12-07,-21.4,-0.000214
2018-12-10,44.2,0.000442
2018-12-11,0.0,0.0
2018-12-12,126.4,0.0012640000000000001
2018-12-13,-46.6,-0.000466
2018-12-14,-120.0,-0.0012
2018-12-17,30.0,0.0003
2018-12-18,-17.6,-0.00017600000000000002
2018-12-19,10.6,0.000106
2018-12-20,-40.2,-0.000402
2018-12-21,120.0,0.0012
2018-12-24,63.6,0.0006360000000000001
2018-12-26,60.0,0.0006
2018-12-27,-40.0,-0.0004
2018-12-28,11.6,0.000116
2018-12-31,-59.1,-0.000591
2019-01-01,-9.2,-9.199999999999999e-05
2019-01-02,0.0,0.0
2019-01-03,89.6,0.000896
2019-01-04,-52.2,-0.000522
2019-01-07,-41.4,-0.000414
2019-01-08,-103.0,-0.00103
2019-01-09,-120.0,-0.0012
2019-01-10,-35.1,-0.000351
2019-01-11,-47.6,-0.000476
2019-01-14,3.8,3.7999999999999995e-05
2019-01-15,100.8,0.001008
2019-01-16,-16.3,-0.000163
2019-01-17,-113.9,-0.001139
2019-01-18,-17.1,-0.000171
2019-01-21,34.3,0.000343
2019-01-22,4.6,4.599999999999999e-05
2019-01-23,20.9,0.00020899999999999998
2019-01-24,-32.5,-0.000325
2019-01-25,79.0,0.00079
2019-01-28,120.0,0.0012
2019-01-29,-40.0,-0.0004
2019-01-30,-47.4,-0.000474
2019-01-31,98.8,0.000988
2019-02-01,0.0,0.0
2019-02-04,-11.0,-0.00011
2019-02-05,29.1,0.000291
2019-02-06,88.2,0.0008820000000000001
2019-02-07,-120.0,-0.0012
2019-02-08,96.3,0.000963
2019-02-11,-14.4,-0.000144
2019-02-12,58.1,0.000581
2019-02-13,76.2,0.000762
2019-02-14,1.4,1.4e-05
2019-02-15,0.0,0.0
2019-02-18,37.1,0.000371
2019-02-19,-16.0,-0.00016
2019-02-20,59.0,0.00059
2019-02-21,47.6,0.000476
2019-02-22,6.6,6.599999999999999e-05
2019-02-25,37.7,0.000377
2019-02-26,-38.9,-0.00038899999999999997
2019-02-27,-23.9,-0.00023899999999999998
2019-02-28,-50.5,-0.000505
2019-03-01,-87.1,-0.0008709999999999999
2019-03-05,124.1,0.001241
2019-03-06,21.4,0.000214
2019-03-07,-6.4,-6.4e-05
2019-03-08,3.4,3.4e-05
2019-03-11,60.7,0.000607
2019-03-12,37.2,0.00037200000000000004
2019-03-13,40.8,0.000408
2019-03-14,-46.6,-0.000466
2019-03-15,24.5,0.000245
2019-03-18,-73.9,-0.0007390000000000001
2019-03-19,74.0,0.00074
2019-03-20,-13.7,-0.000137
2019-03-22,-9.600000000000001,-9.600000000000002e-05
2019-03-25,17.6,0.00017600000000000002
2019-03-26,98.0,0.00098
2019-03-27,-46.2,-0.000462
2019-03-28,68.8,0.0006879999999999999
2019-03-29,-11.399999999999999,-0.00011399999999999998
2019-04-01,-40.0,-0.0004
2019-04-02,-120.0,-0.0012
2019-04-03,31.400000000000006,0.00031400000000000004
2019-04-04,40.0,0.0004
2019-04-05,39.2,0.00039200000000000004
2019-04-08,-57.6,-0.000576
2019-04-09,-120.0,-0.0012
2019-04-10,-4.200000000000003,-4.200000000000003e-05
2019-04-11,-12.3,-0.000123
2019-04-12,17.4,0.00017399999999999997
2019-04-15,16.0,0.00016
2019-04-16,46.4,0.000464
2019-04-18,-32.4,-0.00032399999999999996
2019-04-22,79.2,0.0007920000000000001
2019-04-23,35.3,0.00035299999999999996
2019-04-24,35.4,0.000354
2019-04-25,-8.899999999999999,-8.899999999999998e-05
2019-04-26,-16.2,-0.00016199999999999998
2019-04-30,-120.0,-0.0012
2019-05-02,-19.6,-0.00019600000000000002
2019-05-03,28.0,0.00028
2019-05-06,9.1,9.1e-05
2019-05-07,36.4,0.000364
2019-05-08,76.4,0.000764
2019-05-09,-6.100000000000001,-6.100000000000001e-05
2019-05-10,-120.0,-0.0012
2019-05-13,108.2,0.001082
2019-05-14,0.0,0.0
2019-05-15,-120.0,-0.0012
2019-05-16,29.700000000000003,0.000297
2019-05-17,123.4,0.001234
2019-05-20,221.4,0.0022140000000000003
2019-05-21,27.0,0.00027
2019-05-22,-120.0,-0.0012
2019-05-23,0.0,0.0
2019-05-24,38.4,0.000384
2019-05-27,65.5,0.000655
2019-05-28,-120.0,-0.0012
2019-05-29,-17.6,-0.00017600000000000002
2019-05-30,36.9,0.00036899999999999997
2019-05-31,-64.2,-0.000642
2019-06-03,124.7,0.001247
2019-06-04,-104.5,-0.001045
2019-06-06,152.4,0.001524
2019-06-07,-89.0,-0.00089
2019-06-10,-87.6,-0.0008759999999999999
2019-06-11,29.6,0.00029600000000000004
2019-06-12,5.2,5.2000000000000004e-05
2019-06-13,-14.2,-0.00014199999999999998
2019-06-14,-2.200000000000003,-2.200000000000003e-05
2019-06-17,108.2,0.001082
2019-06-18,-86.7,-0.000867
2019-06-19,0.0,0.0
2019-06-20,79.4,0.0007940000000000001
2019-06-21,-120.0,-0.0012
2019-06-24,23.1,0.000231
2019-06-25,0.0,0.0
2019-06-26,44.1,0.00044100000000000004
2019-06-27,-79.2,-0.0007920000000000001
2019-06-28,55.6,0.000556
2019-07-01,17.2,0.00017199999999999998
2019-07-02,-53.5,-0.000535
2019-07-03,-3.7,-3.7000000000000005e-05
2019-07-04,1.1,1.1000000000000001e-05
2019-07-05,90.4,0.0009040000000000001
2019-07-08,120.0,0.0012
2019-07-09,-103.7,-0.001037
2019-07-10,-2.799999999999997,-2.7999999999999972e-05
2019-07-11,46.8,0.000468
2019-07-12,-41.7,-0.00041700000000000005
2019-07-15,-15.0,-0.00015
2019-07-16,85.4,0.000854
2019-07-17,3.8,3.7999999999999995e-05
2019-07-18,57.6,0.000576
2019-07-19,178.1,0.001781
2019-07-22,-21.4,-0.000214
2019-07-23,-92.8,-0.000928
2019-07-24,0.0,0.0
2019-07-25,-63.1,-0.000631
2019-07-26,-70.5,-0.000705
2019-07-29,25.1,0.00025100000000000003
2019-07-30,0.0,0.0
2019-07-31,-55.4,-0.000554
2019-08-01,120.0,0.0012
2019-08-02,0.0,0.0
2019-08-05,-54.4,-0.000544
2019-08-06,40.0,0.0004
2019-08-07,90.4,0.0009040000000000001
2019-08-08,88.7,0.000887
2019-08-09,4.0,4e-05
2019-08-13,141.2,0.0014119999999999998
2019-08-14,-55.5,-0.000555
2019-08-16,-61.6,-0.000616
2019-08-19,-68.5,-0.000685
2019-08-20,35.5,0.000355
2019-08-21,54.0,0.00054
2019-08-22,131.1,0.0013109999999999999
2019-08-23,0.0,0.0
2019-08-26,0.0,0.0
2019-08-27,11.600000000000001,0.00011600000000000001
2019-08-28,-21.8,-0.000218
2019-08-29,33.0,0.00033
2019-08-30,-24.4,-0.000244
2019-09-03,146.2,0.001462
2019-09-04,-74.1,-0.0007409999999999999
2019-09-05,-49.4,-0.000494
2019-09-06,51.9,0.000519
2019-09-09,90.6,0.0009059999999999999
2019-09-11,-6.2,-6.2e-05
2019-09-12,4.0,4e-05
2019-09-13,3.5,3.5e-05
2019-09-16,-24.1,-0.000241
2019-09-17,140.6,0.001406
2019-09-18,-46.8,-0.000468
2019-09-19,105.1,0.0010509999999999999
2019-09-20,120.0,0.0012
2019-09-23,22.599999999999994,0.00022599999999999994
2019-09-24,-120.0,-0.0012
2019-09-25,48.5,0.000485
2019-09-26,-9.5,-9.5e-05
2019-09-27,-13.0,-0.00013
2019-09-30,0.0,0.0
2019-10-01,0.0,0.0
2019-10-03,-64.1,-0.000641
2019-10-04,0.0,0.0
2019-10-07,27.200000000000003,0.00027200000000000005
2019-10-09,59.1,0.000591
2019-10-10,-39.6,-0.00039600000000000003
2019-10-11,-120.0,-0.0012
2019-10-14,40.0,0.0004
2019-10-15,57.6,0.000576
2019-10-16,-78.1,-0.0007809999999999999
2019-10-17,118.5,0.001185
2019-10-18,90.6,0.0009059999999999999
2019-10-22,-120.0,-0.0012
2019-10-23,-95.6,-0.0009559999999999999
2019-10-24,-24.0,-0.00024
2019-10-25,-107.6,-0.001076
2019-10-29,156.0,0.00156
2019-10-30,0.8999999999999986,8.999999999999985e-06
2019-10-31,-11.6,-0.000116
2019-11-01,-10.5,-0.000105
2019-11-04,-90.1,-0.0009009999999999999
2019-11-05,-91.9,-0.000919
2019-11-06,-10.399999999999999,-0.00010399999999999998
2019-11-07,-120.0,-0.0012
2019-11-08,-18.5,-0.000185
2019-11-11,-1.9,-1.8999999999999998e-05
2019-11-13,3.200000000000003,3.2000000000000026e-05
2019-11-14,-61.1,-0.000611
2019-11-15,-40.0,-0.0004
2019-11-18,18.1,0.000181
2019-11-19,48.0,0.00048
2019-11-20,-2.0,-2e-05
2019-11-21,27.5,0.000275
2019-11-22,34.9,0.00034899999999999997
2019-11-25,131.1,0.0013109999999999999
2019-11-26,-87.3,-0.000873
2019-11-27,25.1,0.00025100000000000003
2019-11-28,37.0,0.00037
2019-11-29,74.0,0.00074
2019-12-02,-40.3,-0.000403
2019-12-03,23.2,0.000232
2019-12-04,-120.0,-0.0012
2019-12-05,-83.0,-0.00083
2019-12-06,126.1,0.001261
2019-12-09,-55.0,-0.00055
2019-12-10,60.4,0.0006039999999999999
2019-12-11,-83.0,-0.00083
2019-12-12,26.1,0.000261
2019-12-13,54.4,0.000544
2019-12-16,-64.9,-0.0006490000000000001
2019-12-17,63.4,0.000634
2019-12-18,46.6,0.000466
2019-12-19,41.9,0.000419
2019-12-20,-16.8,-0.00016800000000000002
2019-12-23,-6.8,-6.8e-05
2019-12-24,-13.8,-0.00013800000000000002
2019-12-26,70.0,0.0007
2019-12-27,68.2,0.000682
2019-12-30,-75.3,-0.000753
2019-12-31,32.0,0.00032
2020-01-01,8.4,8.400000000000001e-05
2020-01-02,61.8,0.000618
2020-01-03,25.2,0.000252
2020-01-06,139.4,0.001394
2020-01-07,-65.8,-0.000658
2020-01-08,-51.4,-0.000514
2020-01-09,45.2,0.00045200000000000004
2020-01-10,4.1,4.0999999999999994e-05
2020-01-13,5.1,5.1e-05
2020-01-14,33.9,0.000339
2020-01-15,-54.1,-0.000541
2020-01-16,-92.9,-0.000929
2020-01-17,-25.5,-0.000255
2020-01-20,49.9,0.000499
2020-01-21,38.7,0.00038700000000000003
2020-01-22,75.4,0.000754
2020-01-23,-66.6,-0.0006659999999999999
2020-01-24,78.2,0.000782
2020-01-27,46.5,0.000465
2020-01-28,41.0,0.00041
2020-01-29,-81.0,-0.00081
2020-01-30,58.7,0.0005870000000000001
2020-01-31,-120.0,-0.0012
2020-02-01,0.0,0.0
2020-02-03,-120.0,-0.0012
2020-02-04,171.5,0.001715
2020-02-05,96.9,0.000969
2020-02-06,-39.9,-0.000399
2020-02-07,-41.2,-0.00041200000000000004
2020-02-10,23.7,0.000237
2020-02-11,-40.9,-0.00040899999999999997
2020-02-12,12.4,0.000124
2020-02-13,14.1,0.00014099999999999998
2020-02-14,-40.2,-0.000402
2020-02-17,8.600000000000001,8.600000000000002e-05
2020-02-18,-24.0,-0.00024
2020-02-19,37.9,0.000379
2020-02-20,-35.4,-0.000354
2020-02-24,67.4,0.000674
2020-02-25,23.2,0.000232
2020-02-26,-58.0,-0.00058
2020-02-27,0.0,0.0
2020-02-28,120.0,0.0012
2020-03-02,119.5,0.001195
2020-03-03,87.4,0.0008740000000000001
2020-03-04,120.0,0.0012
2020-03-05,0.0,0.0
2020-03-06,-71.1,-0.0007109999999999999
2020-03-09,252.1,0.002521
2020-03-11,-123.8,-0.001238
2020-03-12,157.1,0.001571
2020-03-13,92.69999999999999,0.0009269999999999999
2020-03-16,176.79999999999998,0.0017679999999999998
2020-03-17,-15.199999999999989,-0.00015199999999999987
2020-03-18,186.5,0.001865
2020-03-19,-274.9,-0.0027489999999999997
2020-03-20,7.699999999999989,7.699999999999989e-05
2020-03-23,-44.5,-0.000445
2020-03-24,-10.400000000000006,-0.00010400000000000006
2020-03-25,90.8,0.000908
2020-03-26,309.2,0.0030919999999999997
2020-03-27,-26.0,-0.00026
2020-03-30,-60.099999999999994,-0.000601
2020-03-31,147.0,0.00147
2020-04-01,159.1,0.001591
2020-04-03,2.200000000000003,2.200000000000003e-05
2020-04-07,263.8,0.002638
2020-04-08,130.3,0.0013030000000000001
2020-04-09,112.5,0.001125
2020-04-13,-120.0,-0.0012
2020-04-15,0.0,0.0
2020-04-16,-120.0,-0.0012
2020-04-17,-131.0,-0.00131
2020-04-20,0.0,0.0
2020-04-21,2.299999999999997,2.2999999999999973e-05
2020-04-22,0.0,0.0
2020-04-23,44.9,0.00044899999999999996
2020-04-24,-120.0,-0.0012
2020-04-27,-32.5,-0.000325
2020-04-28,29.900000000000006,0.00029900000000000006
2020-04-29,88.3,0.000883
2020-04-30,0.0,0.0
2020-05-04,139.3,0.0013930000000000001
2020-05-05,-120.0,-0.0012
2020-05-06,-120.0,-0.0012
2020-05-07,-19.6,-0.00019600000000000002
2020-05-08,-43.0,-0.00043
2020-05-11,30.4,0.00030399999999999996
2020-05-12,-36.6,-0.000366
2020-05-13,-102.3,-0.001023
2020-05-14,90.4,0.0009040000000000001
2020-05-15,0.5,5e-06
2020-05-18,120.0,0.0012
2020-05-19,-33.0,-0.00033
2020-05-20,78.3,0.000783
2020-05-21,-3.8,-3.7999999999999995e-05
2020-05-22,0.0,0.0
2020-05-26,-78.5,-0.000785
2020-05-27,120.0,0.0012
2020-05-28,71.0,0.00071
2020-05-29,107.7,0.001077
2020-06-01,0.0,0.0
2020-06-02,0.0,0.0
2020-06-03,0.0,0.0
2020-06-04,59.2,0.0005920000000000001
2020-06-05,0.0,0.0
2020-06-08,0.0,0.0
2020-06-09,0.0,0.0
2020-06-10,-120.0,-0.0012
2020-06-11,120.0,0.0012
2020-06-12,-133.0,-0.00133
2020-06-15,-86.5,-0.000865
2020-06-16,-123.3,-0.001233
2020-06-17,-120.0,-0.0012
2020-06-18,0.0,0.0
2020-06-19,0.0,0.0
2020-06-22,-33.8,-0.000338
2020-06-23,105.1,0.0010509999999999999
2020-06-24,0.0,0.0
2020-06-25,-120.0,-0.0012
2020-06-26,-120.0,-0.0012
2020-06-29,0.0,0.0
2020-06-30,-120.0,-0.0012
2020-07-01,74.8,0.000748
2020-07-02,45.3,0.00045299999999999995
2020-07-03,3.2,3.2e-05
2020-07-06,40.0,0.0004
2020-07-07,-67.4,-0.000674
2020-07-08,-120.0,-0.0012
2020-07-09,-50.1,-0.000501
2020-07-10,-50.6,-0.000506
2020-07-13,-43.9,-0.000439
2020-07-14,111.9,0.001119
2020-07-15,0.0,0.0
2020-07-16,-65.8,-0.000658
2020-07-17,126.7,0.0012670000000000001
2020-07-20,-21.2,-0.000212
2020-07-21,34.6,0.000346
2020-07-22,-80.0,-0.0008
2020-07-23,67.0,0.00067
2020-07-24,-55.5,-0.000555
2020-07-27,-120.0,-0.0012
2020-07-28,73.5,0.000735
2020-07-29,-120.0,-0.0012
2020-07-30,93.2,0.000932
2020-07-31,14.3,0.000143
2020-08-03,95.2,0.000952
2020-08-04,87.1,0.0008709999999999999
2020-08-05,-37.3,-0.00037299999999999996
2020-08-06,44.5,0.000445
2020-08-07,18.9,0.00018899999999999999
2020-08-10,-52.1,-0.000521
2020-08-11,-41.5,-0.000415
2020-08-12,-45.7,-0.00045700000000000005
2020-08-13,-67.0,-0.00067
2020-08-14,120.0,0.0012
2020-08-17,-120.0,-0.0012
2020-08-18,93.9,0.0009390000000000001
2020-08-19,-47.3,-0.00047299999999999995
2020-08-20,-2.200000000000003,-2.200000000000003e-05
2020-08-21,-50.2,-0.0005020000000000001
2020-08-24,32.1,0.000321
2020-08-25,-57.5,-0.000575
2020-08-26,24.5,0.000245
2020-08-27,-38.5,-0.000385
2020-08-28,33.3,0.00033299999999999996
2020-08-31,120.0,0.0012
2020-09-01,-128.8,-0.001288
2020-09-02,-120.0,-0.0012
2020-09-03,-53.0,-0.00053
2020-09-04,0.0,0.0
2020-09-07,-38.9,-0.00038899999999999997
2020-09-08,-9.399999999999999,-9.399999999999998e-05
2020-09-09,-37.7,-0.000377
2020-09-10,118.1,0.001181
2020-09-11,-43.6,-0.000436
2020-09-14,60.4,0.0006039999999999999
2020-09-15,-19.8,-0.00019800000000000002
2020-09-16,56.9,0.000569
2020-09-17,-26.0,-0.00026
2020-09-18,-73.7,-0.000737
2020-09-21,240.0,0.0024
2020-09-22,-1.0,-1e-05
2020-09-23,0.0,0.0
2020-09-24,120.0,0.0012
2020-09-25,56.8,0.0005679999999999999
2020-09-28,113.2,0.001132
2020-09-29,-120.0,-0.0012
2020-09-30,-120.0,-0.0012
2020-10-01,50.6,0.000506
2020-10-05,-48.3,-0.000483
2020-10-06,83.6,0.0008359999999999999
2020-10-07,99.4,0.000994
2020-10-08,-55.4,-0.000554
2020-10-09,29.400000000000006,0.00029400000000000004
2020-10-12,-81.0,-0.00081
2020-10-13,-77.2,-0.000772
2020-10-14,-11.600000000000001,-0.00011600000000000001
2020-10-15,0.0,0.0
2020-10-16,-75.6,-0.0007559999999999999
2020-10-19,41.1,0.000411
2020-10-20,15.8,0.00015800000000000002
2020-10-21,-80.0,-0.0008
2020-10-22,-46.8,-0.000468
2020-10-23,-45.3,-0.00045299999999999995
2020-10-26,120.0,0.0012
2020-10-27,35.4,0.000354
2020-10-28,53.8,0.000538
2020-10-29,-66.9,-0.0006690000000000001
2020-10-30,0.0,0.0
2020-11-02,-120.0,-0.0012
2020-11-03,44.4,0.000444
2020-11-04,-120.0,-0.0012
2020-11-05,80.0,0.0008
2020-11-06,58.6,0.000586
2020-11-09,31.200000000000003,0.00031200000000000005
2020-11-10,91.1,0.0009109999999999999
2020-11-11,-35.8,-0.000358
2020-11-12,-120.0,-0.0012
2020-11-13,-43.4,-0.000434
2020-11-17,12.399999999999999,0.00012399999999999998
2020-11-18,-120.0,-0.0012
2020-11-19,0.0,0.0
2020-11-20,-50.5,-0.000505
2020-11-23,-120.0,-0.0012
2020-11-24,59.2,0.0005920000000000001
2020-11-25,0.0,0.0
2020-11-26,0.0,0.0
2020-11-27,-51.5,-0.000515
2020-12-01,101.9,0.0010190000000000002
2020-12-02,-120.0,-0.0012
2020-12-03,-92.6,-0.000926
2020-12-04,76.0,0.00076
2020-12-07,79.0,0.00079
2020-12-08,-70.2,-0.000702
2020-12-09,62.5,0.000625
2020-12-10,-81.2,-0.000812
2020-12-11,-80.0,-0.0008
2020-12-14,-83.8,-0.000838
2020-12-15,-11.5,-0.000115
2020-12-16,-12.2,-0.000122
2020-12-17,36.2,0.000362
2020-12-18,-44.6,-0.000446
2020-12-21,120.0,0.0012
2020-12-22,49.099999999999994,0.0004909999999999999
2020-12-23,93.6,0.000936
2020-12-24,19.3,0.000193
2020-12-28,36.8,0.00036799999999999995
2020-12-29,-18.9,-0.00018899999999999999
2020-12-30,-120.0,-0.0012
2020-12-31,-13.4,-0.000134
2021-01-01,-6.1,-6.1e-05
2021-01-04,-120.0,-0.0012
2021-01-05,83.3,0.000833
2021-01-06,0.0,0.0
2021-01-07,-70.7,-0.0007070000000000001
2021-01-08,102.4,0.001024
2021-01-11,13.299999999999997,0.00013299999999999998
2021-01-12,94.4,0.0009440000000000001
2021-01-13,-120.0,-0.0012
2021-01-14,-11.3,-0.00011300000000000001
2021-01-15,0.0,0.0
2021-01-18,120.0,0.0012
2021-01-19,160.9,0.001609
2021-01-20,33.1,0.000331
2021-01-21,0.0,0.0
2021-01-22,-1.3999999999999986,-1.3999999999999986e-05
2021-01-25,-14.799999999999997,-0.00014799999999999997
2021-01-27,195.5,0.001955
2021-01-28,0.0,0.0
2021-01-29,-120.0,-0.0012
2021-02-01,-12.799999999999997,-0.00012799999999999997
2021-02-02,-5.999999999999993,-5.999999999999993e-05
2021-02-03,71.2,0.0007120000000000001
2021-02-04,0.0,0.0
2021-02-05,-120.0,-0.0012
2021-02-08,36.5,0.000365
2021-02-09,70.5,0.000705
2021-02-10,120.0,0.0012
2021-02-11,62.0,0.00062
2021-02-12,-120.0,-0.0012
2021-02-15,37.3,0.00037299999999999996
2021-02-16,0.0,0.0
2021-02-17,-46.2,-0.000462
2021-02-18,88.3,0.000883
2021-02-19,0.0,0.0
2021-02-22,0.0,0.0
2021-02-23,-120.0,-0.0012
2021-02-24,51.4,0.000514
2021-02-25,-49.099999999999994,-0.0004909999999999999
2021-02-26,255.6,0.002556
2021-03-01,-51.099999999999994,-0.000511
2021-03-02,-120.0,-0.0012
2021-03-03,120.0,0.0012
2021-03-04,-121.8,-0.001218
2021-03-05,-121.3,-0.0012129999999999999
2021-03-08,-120.0,-0.0012
2021-03-09,0.0,0.0
2021-03-10,-14.7,-0.000147
2021-03-12,0.0,0.0
2021-03-15,121.3,0.0012129999999999999
2021-03-16,0.0,0.0
2021-03-17,187.1,0.001871
2021-03-18,240.0,0.0024
2021-03-19,-141.7,-0.0014169999999999999
2021-03-22,-120.0,-0.0012
2021-03-23,0.0,0.0
2021-03-24,163.9,0.001639
2021-03-25,120.0,0.0012
2021-03-26,13.299999999999997,0.00013299999999999998
2021-03-30,198.7,0.001987
2021-03-31,54.2,0.0005420000000000001
2021-04-01,-120.0,-0.0012
2021-04-05,45.6,0.000456
2021-04-06,3.299999999999997,3.299999999999997e-05
2021-04-07,11.399999999999999,0.00011399999999999998
2021-04-08,-82.1,-0.0008209999999999999
2021-04-09,-120.0,-0.0012
2021-04-12,260.7,0.002607
2021-04-13,-120.0,-0.0012
2021-04-15,0.0,0.0
2021-04-16,0.0,0.0
2021-04-19,-137.9,-0.001379
2021-04-20,0.0,0.0
2021-04-22,-120.0,-0.0012
2021-04-23,0.0,0.0
2021-04-26,-98.9,-0.000989
2021-04-27,119.1,0.001191
2021-04-28,104.2,0.001042
2021-04-29,-49.5,-0.000495
2021-04-30,120.0,0.0012
2021-05-03,-120.0,-0.0012
2021-05-04,-120.0,-0.0012
2021-05-05,-41.5,-0.000415
2021-05-06,43.7,0.00043700000000000005
2021-05-07,-70.0,-0.0007
2021-05-10,4.0,4e-05
2021-05-11,-29.4,-0.000294
2021-05-12,120.0,0.0012
2021-05-14,0.0,0.0
2021-05-17,178.8,0.001788
2021-05-18,-6.0,-6e-05
2021-05-19,-120.0,-0.0012
2021-05-20,32.1,0.000321
2021-05-21,121.1,0.0012109999999999998
2021-05-24,-94.8,-0.000948
2021-05-25,-85.0,-0.00085
2021-05-26,53.6,0.000536
2021-05-27,80.0,0.0008
2021-05-28,33.2,0.00033200000000000005
2021-05-31,122.8,0.001228
2021-06-01,-86.7,-0.000867
2021-06-02,1.8999999999999986,1.8999999999999984e-05
2021-06-03,5.700000000000003,5.700000000000003e-05
2021-06-04,-41.9,-0.000419
2021-06-07,44.9,0.00044899999999999996
2021-06-08,-120.0,-0.0012
2021-06-09,0.0,0.0
2021-06-10,30.5,0.000305
2021-06-11,-28.8,-0.000288
2021-06-14,-54.8,-0.000548
2021-06-15,-19.0,-0.00019
2021-06-16,85.5,0.000855
2021-06-17,0.0,0.0
2021-06-18,240.0,0.0024
2021-06-21,0.0,0.0
2021-06-22,-58.9,-0.000589
2021-06-23,93.1,0.000931
2021-06-24,-8.399999999999999,-8.399999999999998e-05
2021-06-25,39.1,0.000391
2021-06-28,-39.7,-0.00039700000000000005
2021-06-29,67.0,0.00067
2021-06-30,-21.5,-0.000215
2021-07-01,29.4,0.000294
2021-07-02,-28.2,-0.00028199999999999997
2021-07-05,46.2,0.000462
2021-07-06,-43.6,-0.000436
2021-07-07,-6.399999999999999,-6.399999999999998e-05
2021-07-08,68.5,0.000685
2021-07-09,-47.0,-0.00047
2021-07-12,-25.2,-0.000252
2021-07-13,44.4,0.000444
2021-07-14,-22.1,-0.000221
2021-07-15,40.1,0.000401
2021-07-16,-56.6,-0.000566
2021-07-19,85.1,0.000851
2021-07-20,0.0,0.0
2021-07-22,69.8,0.0006979999999999999
2021-07-23,-59.4,-0.000594
2021-07-26,-47.7,-0.00047700000000000005
2021-07-27,35.8,0.000358
2021-07-28,0.0,0.0
2021-07-29,-5.5,-5.5e-05
2021-07-30,-58.4,-0.000584
2021-08-02,17.4,0.00017399999999999997
2021-08-03,184.0,0.00184
2021-08-04,16.0,0.00016
2021-08-05,-120.0,-0.0012
2021-08-06,-86.5,-0.000865
2021-08-09,-39.3,-0.00039299999999999996
2021-08-10,-84.9,-0.000849
2021-08-11,0.0,0.0
2021-08-12,57.9,0.000579
2021-08-13,90.2,0.000902
2021-08-16,-17.9,-0.000179
2021-08-17,-120.0,-0.0012
2021-08-18,-11.899999999999999,-0.00011899999999999999
2021-08-20,0.0,0.0
2021-08-23,-120.0,-0.0012
2021-08-24,80.8,0.000808
2021-08-25,-74.6,-0.0007459999999999999
2021-08-26,-84.9,-0.000849
2021-08-27,-8.5,-8.5e-05
2021-08-30,122.9,0.001229
2021-08-31,0.0,0.0
2021-09-01,-120.0,-0.0012
2021-09-02,101.3,0.001013
2021-09-03,14.5,0.000145
2021-09-06,-39.8,-0.00039799999999999997
2021-09-07,-120.0,-0.0012
2021-09-08,0.0,0.0
2021-09-09,-87.5,-0.000875
2021-09-13,-53.6,-0.000536
2021-09-14,-39.8,-0.00039799999999999997
2021-09-15,91.3,0.000913
2021-09-16,32.5,0.000325
2021-09-17,0.0,0.0
2021-09-20,0.0,0.0
2021-09-21,0.0,0.0
2021-09-22,-3.4,-3.4e-05
2021-09-23,149.8,0.0014980000000000002
2021-09-24,-120.0,-0.0012
2021-09-27,-37.1,-0.000371
2021-09-28,120.0,0.0012
2021-09-29,0.0,0.0
2021-09-30,-120.0,-0.0012
2021-10-01,-76.7,-0.000767
2021-10-04,54.4,0.000544
2021-10-05,123.2,0.001232
2021-10-06,0.0,0.0
2021-10-07,-2.0,-2e-05
2021-10-08,31.9,0.000319
2021-10-11,41.0,0.00041
2021-10-12,-7.0,-7e-05
2021-10-13,84.2,0.000842
2021-10-14,52.3,0.0005229999999999999
2021-10-18,40.0,0.0004
2021-10-19,0.0,0.0
2021-10-20,0.0,0.0
2021-10-21,120.0,0.0012
2021-10-22,0.0,0.0
2021-10-25,-3.799999999999997,-3.799999999999997e-05
2021-10-26,0.0,0.0
2021-10-27,-1.7000000000000028,-1.7000000000000027e-05
2021-10-28,240.0,0.0024
2021-10-29,-174.7,-0.0017469999999999999
2021-11-01,120.0,0.0012
2021-11-02,-120.0,-0.0012
2021-11-03,0.0,0.0
2021-11-08,0.0,0.0
2021-11-09,-120.0,-0.0012
2021-11-10,-103.2,-0.001032
2021-11-11,25.2,0.000252
2021-11-12,120.0,0.0012
2021-11-15,-120.0,-0.0012
2021-11-16,133.2,0.0013319999999999999
2021-11-17,69.6,0.0006959999999999999
2021-11-18,0.0,0.0
2021-11-22,120.0,0.0012
2021-11-23,-132.8,-0.0013280000000000002
2021-11-24,91.7,0.0009170000000000001
2021-11-25,0.0,0.0
2021-11-26,132.9,0.001329
2021-11-29,-163.9,-0.001639
2021-11-30,0.0,0.0
2021-12-01,-26.199999999999996,-0.00026199999999999997
2021-12-02,120.0,0.0012
2021-12-03,-120.0,-0.0012
2021-12-06,240.0,0.0024
2021-12-07,81.2,0.000812
2021-12-08,83.0,0.00083
2021-12-09,0.0,0.0
2021-12-10,-71.7,-0.0007170000000000001
2021-12-13,0.0,0.0
2021-12-14,0.0,0.0
2021-12-15,0.0,0.0
2021-12-16,-120.0,-0.0012
2021-12-17,120.0,0.0012
2021-12-20,152.6,0.001526
2021-12-21,4.900000000000006,4.900000000000006e-05
2021-12-22,53.5,0.000535
2021-12-23,4.8,4.8e-05
2021-12-24,0.0,0.0
2021-12-27,-2.0,-2e-05
2021-12-28,55.2,0.0005520000000000001
2021-12-29,-12.7,-0.000127
2021-12-30,-80.7,-0.000807
2021-12-31,28.8,0.000288
2022-01-03,188.3,0.0018830000000000001
2022-01-04,76.1,0.000761
2022-01-05,59.6,0.0005960000000000001
2022-01-06,-88.0,-0.00088
2022-01-07,-91.0,-0.00091
2022-01-10,66.5,0.000665
2022-01-11,-29.0,-0.00029
2022-01-12,34.8,0.00034799999999999995
2022-01-13,-52.5,-0.000525
2022-01-14,-92.6,-0.000926
2022-01-17,4.299999999999997,4.2999999999999975e-05
2022-01-18,0.0,0.0
2022-01-19,-7.299999999999997,-7.299999999999997e-05
2022-01-20,120.0,0.0012
2022-01-21,14.0,0.00014
2022-01-24,140.0,0.0014
2022-01-25,-67.7,-0.000677
2022-01-27,21.500000000000007,0.00021500000000000008
2022-01-28,3.299999999999997,3.299999999999997e-05
2022-01-31,-8.5,-8.5e-05
2022-02-01,0.0,0.0
2022-02-02,82.9,0.0008290000000000001
2022-02-03,120.0,0.0012
2022-02-04,0.0,0.0
2022-02-07,120.0,0.0012
2022-02-08,121.1,0.0012109999999999998
2022-02-09,87.9,0.000879
2022-02-10,28.5,0.000285
2022-02-11,-1.2999999999999972,-1.2999999999999972e-05
2022-02-14,149.3,0.0014930000000000002
2022-02-15,-128.5,-0.001285
2022-02-16,120.0,0.0012
2022-02-17,-28.5,-0.000285
2022-02-18,-120.0,-0.0012
2022-02-21,0.0,0.0
2022-02-22,-144.1,-0.001441
2022-02-23,-120.0,-0.0012
2022-02-24,3.9000000000000057,3.9000000000000054e-05
2022-02-25,41.2,0.00041200000000000004
2022-02-28,-6.200000000000003,-6.200000000000003e-05
2022-03-02,8.799999999999997,8.799999999999997e-05
2022-03-03,-120.0,-0.0012
2022-03-04,16.299999999999997,0.00016299999999999998
2022-03-07,-198.9,-0.001989
2022-03-08,0.0,0.0
2022-03-09,120.0,0.0012
2022-03-10,16.60000000000001,0.00016600000000000008
2022-03-11,-120.0,-0.0012
2022-03-14,120.0,0.0012
2022-03-15,0.0,0.0
2022-03-16,38.6,0.000386
2022-03-17,93.5,0.000935
2022-03-21,0.0,0.0
2022-03-22,0.0,0.0
2022-03-23,-120.0,-0.0012
2022-03-24,-120.0,-0.0012
2022-03-25,0.0,0.0
2022-03-28,85.3,0.000853
2022-03-29,-16.5,-0.000165
2022-03-30,28.9,0.000289
2022-03-31,-120.0,-0.0012
2022-04-01,114.8,0.001148
2022-04-04,113.3,0.001133
2022-04-05,0.0,0.0
2022-04-06,91.2,0.000912
2022-04-07,18.7,0.000187
2022-04-08,-120.0,-0.0012
2022-04-11,-120.0,-0.0012
2022-04-12,0.0,0.0
2022-04-13,24.299999999999997,0.00024299999999999997
2022-04-18,-8.200000000000003,-8.200000000000003e-05
2022-04-19,0.0,0.0
2022-04-20,-142.3,-0.0014230000000000002
2022-04-21,167.3,0.001673
2022-04-22,82.2,0.000822
2022-04-25,-120.7,-0.001207
2022-04-26,0.0,0.0
2022-04-27,0.0,0.0
2022-04-28,120.0,0.0012
2022-04-29,0.0,0.0
2022-05-02,-102.1,-0.001021
2022-05-04,0.0,0.0
2022-05-05,-120.0,-0.0012
2022-05-06,-2.1999999999999957,-2.199999999999996e-05
2022-05-09,-136.8,-0.001368
2022-05-10,-120.0,-0.0012
2022-05-11,120.0,0.0012
2022-05-12,53.8,0.000538
2022-05-13,10.5,0.000105
2022-05-16,120.0,0.0012
2022-05-17,120.0,0.0012
2022-05-18,-120.0,-0.0012
2022-05-19,58.0,0.00058
2022-05-20,182.4,0.001824
2022-05-23,0.0,0.0
2022-05-24,-120.0,-0.0012
2022-05-25,31.4,0.000314
2022-05-26,0.0,0.0
2022-05-27,0.0,0.0
2022-05-30,115.7,0.001157
2022-05-31,-120.0,-0.0012
2022-06-01,0.0,0.0
2022-06-02,0.0,0.0
2022-06-03,0.0,0.0
2022-06-06,0.0,0.0
2022-06-07,0.0,0.0
2022-06-08,0.0,0.0
2022-06-09,-120.0,-0.0012
2022-06-10,55.3,0.000553
2022-06-13,46.3,0.000463
2022-06-14,-120.0,-0.0012
2022-06-15,-120.0,-0.0012
2022-06-16,-120.0,-0.0012
2022-06-17,-11.700000000000003,-0.00011700000000000002
2022-06-20,-1.1999999999999957,-1.1999999999999958e-05
2022-06-21,240.0,0.0024
2022-06-22,0.0,0.0
2022-06-23,120.0,0.0012
2022-06-24,-120.0,-0.0012
2022-06-27,-83.1,-0.0008309999999999999
2022-06-28,-120.0,-0.0012
2022-06-29,-120.0,-0.0012
2022-06-30,-120.0,-0.0012
2022-07-01,0.0,0.0
2022-07-04,0.0,0.0
2022-07-05,120.0,0.0012
2022-07-06,42.2,0.000422
2022-07-07,50.2,0.0005020000000000001
2022-07-08,-18.3,-0.000183
2022-07-11,-29.0,-0.00029
2022-07-12,93.7,0.000937
2022-07-13,117.0,0.00117
2022-07-14,0.0,0.0
2022-07-15,-120.0,-0.0012
2022-07-18,98.6,0.000986
2022-07-19,65.8,0.000658
2022-07-20,-18.9,-0.00018899999999999999
2022-07-21,19.5,0.000195
2022-07-22,20.5,0.000205
2022-07-25,-80.0,-0.0008
2022-07-26,87.9,0.000879
2022-07-27,51.8,0.000518
2022-07-28,120.0,0.0012
2022-07-29,46.3,0.000463
2022-08-01,139.8,0.0013980000000000002
2022-08-02,-120.0,-0.0012
2022-08-03,-120.0,-0.0012
2022-08-04,0.0,0.0
2022-08-05,-35.0,-0.00035
2022-08-08,99.6,0.000996
2022-08-10,-69.0,-0.00069
2022-08-11,-108.8,-0.001088
2022-08-12,-18.3,-0.000183
2022-08-16,49.8,0.000498
2022-08-17,71.8,0.000718
2022-08-18,-69.5,-0.000695
2022-08-19,120.0,0.0012
2022-08-22,154.2,0.001542
2022-08-23,0.0,0.0
2022-08-24,10.200000000000003,0.00010200000000000003
2022-08-25,81.3,0.0008129999999999999
2022-08-26,13.3,0.000133
2022-08-29,-158.7,-0.0015869999999999999
2022-08-30,240.0,0.0024
2022-09-01,-4.600000000000001,-4.6000000000000014e-05
2022-09-02,-120.0,-0.0012
2022-09-05,46.2,0.000462
2022-09-06,-102.8,-0.001028
2022-09-07,-31.5,-0.000315
2022-09-08,22.1,0.000221
2022-09-09,-120.0,-0.0012
2022-09-12,22.2,0.000222
2022-09-13,28.0,0.00028
2022-09-14,-80.0,-0.0008
2022-09-15,0.0,0.0
2022-09-16,120.0,0.0012
2022-09-19,-120.0,-0.0012
2022-09-20,51.0,0.00051
2022-09-21,120.0,0.0012
2022-09-22,0.0,0.0
2022-09-23,120.0,0.0012
2022-09-26,-0.9000000000000057,-9.000000000000056e-06
2022-09-27,0.0,0.0
2022-09-28,-130.2,-0.001302
2022-09-29,0.0,0.0
2022-09-30,0.0,0.0
2022-10-03,-1.2999999999999972,-1.2999999999999972e-05
2022-10-04,35.0,0.00035
2022-10-06,-80.0,-0.0008
2022-10-07,0.0,0.0
2022-10-10,-120.0,-0.0012
2022-10-11,120.0,0.0012
2022-10-12,-120.0,-0.0012
2022-10-13,-40.0,-0.0004
2022-10-14,-21.500000000000004,-0.00021500000000000005
2022-10-17,25.299999999999997,0.00025299999999999997
2022-10-18,14.6,0.000146
2022-10-19,-67.8,-0.000678
2022-10-20,-120.0,-0.0012
2022-10-21,-61.0,-0.00061
2022-10-25,-70.1,-0.0007009999999999999
2022-10-27,-120.0,-0.0012
2022-10-28,-79.0,-0.00079
2022-10-31,78.5,0.000785
2022-11-01,-14.8,-0.00014800000000000002
2022-11-02,-63.3,-0.000633
2022-11-03,-120.0,-0.0012
2022-11-04,-10.200000000000003,-0.00010200000000000003
2022-11-07,-120.0,-0.0012
2022-11-09,-120.0,-0.0012
2022-11-10,40.0,0.0004
2022-11-11,61.4,0.000614
2022-11-14,-120.0,-0.0012
2022-11-15,6.0,6e-05
2022-11-16,25.5,0.000255
2022-11-17,46.4,0.000464
2022-11-18,37.0,0.00037
2022-11-21,22.1,0.000221
2022-11-22,16.200000000000003,0.00016200000000000003
2022-11-23,-55.6,-0.000556
2022-11-24,189.3,0.0018930000000000002
2022-11-25,22.2,0.000222
2022-11-28,40.0,0.0004
2022-11-29,-3.3,-3.2999999999999996e-05
2022-11-30,24.0,0.00024
2022-12-01,-109.8,-0.001098
2022-12-02,18.0,0.00018
2022-12-05,-120.0,-0.0012
2022-12-06,-62.0,-0.00062
2022-12-07,-49.0,-0.00049
2022-12-08,-120.0,-0.0012
2022-12-09,25.5,0.000255
2022-12-12,-120.0,-0.0012
2022-12-13,54.1,0.000541
2022-12-14,-26.5,-0.000265
2022-12-15,221.8,0.002218
2022-12-16,0.0,0.0
2022-12-19,32.2,0.000322
2022-12-20,29.1,0.000291
2022-12-21,-120.0,-0.0012
2022-12-22,0.0,0.0
2022-12-23,120.0,0.0012
2022-12-26,67.2,0.0006720000000000001
2022-12-27,0.0,0.0
2022-12-28,-11.4,-0.000114
2022-12-29,0.0,0.0
2022-12-30,0.0,0.0
2023-01-02,-120.0,-0.0012
2023-01-03,44.0,0.00044
2023-01-04,0.0,0.0
2023-01-05,0.0,0.0
2023-01-06,0.0,0.0
2023-01-09,69.7,0.000697
2023-01-10,46.8,0.000468
2023-01-11,-63.3,-0.000633
2023-01-12,0.0,0.0
2023-01-13,23.4,0.000234
2023-01-16,-120.0,-0.0012
2023-01-17,37.5,0.000375
2023-01-18,93.2,0.000932
2023-01-19,-74.3,-0.000743
2023-01-20,-120.0,-0.0012
2023-01-23,-103.4,-0.001034
2023-01-24,-53.4,-0.000534
2023-01-25,120.0,0.0012
2023-01-27,120.0,0.0012
2023-01-30,224.7,0.002247
2023-01-31,0.0,0.0
2023-02-01,0.0,0.0
2023-02-02,-227.60000000000002,-0.0022760000000000002
2023-02-03,120.0,0.0012
2023-02-06,-74.2,-0.000742
2023-02-07,-120.0,-0.0012
2023-02-08,106.0,0.00106
2023-02-09,-120.0,-0.0012
2023-02-10,-36.8,-0.00036799999999999995
2023-02-13,57.4,0.000574
2023-02-14,91.1,0.0009109999999999999
2023-02-15,97.8,0.000978
2023-02-16,-32.3,-0.000323
2023-02-17,63.2,0.0006320000000000001
2023-02-20,-120.0,-0.0012
2023-02-21,-63.8,-0.000638
2023-02-22,182.7,0.0018269999999999998
2023-02-23,-48.0,-0.00048
2023-02-24,36.2,0.000362
2023-02-27,0.0,0.0
2023-02-28,0.0,0.0
2023-03-01,42.1,0.000421
2023-03-02,92.9,0.000929
2023-03-03,160.0,0.0016
2023-03-06,-19.1,-0.000191
2023-03-08,-37.3,-0.00037299999999999996
2023-03-09,55.4,0.000554
2023-03-10,-47.9,-0.000479
2023-03-13,0.0,0.0
2023-03-14,0.7999999999999972,7.99999999999997e-06
2023-03-15,0.0,0.0
2023-03-16,0.0,0.0
2023-03-17,-120.0,-0.0012
2023-03-20,89.8,0.0008979999999999999
2023-03-21,52.3,0.0005229999999999999
2023-03-22,-80.7,-0.000807
2023-03-23,-120.0,-0.0012
2023-03-24,123.7,0.001237
2023-03-27,-120.0,-0.0012
2023-03-28,44.1,0.00044100000000000004
2023-03-29,0.0,0.0
2023-03-31,88.2,0.0008820000000000001
2023-04-03,-28.299999999999997,-0.000283
2023-04-05,103.9,0.001039
2023-04-06,16.5,0.000165
2023-04-10,-23.7,-0.000237
2023-04-11,-69.0,-0.00069
2023-04-12,96.1,0.0009609999999999999
2023-04-13,-54.2,-0.0005420000000000001
2023-04-17,-75.9,-0.000759
2023-04-18,-54.8,-0.000548
2023-04-19,-69.5,-0.000695
2023-04-20,-68.5,-0.000685
2023-04-21,-80.5,-0.000805
2023-04-24,76.2,0.000762
2023-04-25,33.7,0.000337
2023-04-26,-0.8999999999999986,-8.999999999999985e-06
2023-04-27,116.5,0.001165
2023-04-28,146.6,0.0014659999999999999
2023-05-02,-0.8,-8e-06
2023-05-03,-29.1,-0.000291
2023-05-04,110.8,0.001108
2023-05-05,0.0,0.0
2023-05-08,74.8,0.000748
2023-05-09,-37.0,-0.00037
2023-05-10,-49.9,-0.000499
2023-05-11,-40.4,-0.000404
2023-05-12,-21.4,-0.000214
2023-05-15,40.0,0.0004
2023-05-16,99.2,0.000992
2023-05-17,62.0,0.00062
2023-05-18,0.0,0.0
2023-05-19,-7.399999999999999,-7.399999999999998e-05
2023-05-22,50.2,0.0005020000000000001
2023-05-23,-43.7,-0.00043700000000000005
2023-05-24,-120.0,-0.0012
2023-05-25,61.2,0.000612
2023-05-26,140.0,0.0014
2023-05-29,-30.0,-0.0003
2023-05-30,14.4,0.000144
2023-05-31,40.7,0.000407
2023-06-01,-0.29999999999999716,-2.9999999999999717e-06
2023-06-02,-83.8,-0.000838
2023-06-05,7.2,7.2e-05
2023-06-06,-28.0,-0.00028
2023-06-07,83.1,0.0008309999999999999
2023-06-08,15.0,0.00015
2023-06-09,77.3,0.0007729999999999999
2023-06-12,-35.2,-0.00035200000000000005
2023-06-13,45.5,0.000455
2023-06-14,23.9,0.00023899999999999998
2023-06-15,1.2000000000000028,1.2000000000000029e-05
2023-06-16,45.6,0.000456
2023-06-19,-56.2,-0.000562
2023-06-20,50.4,0.000504
2023-06-21,47.0,0.00047
2023-06-22,16.700000000000003,0.00016700000000000002
2023-06-23,4.600000000000001,4.6000000000000014e-05
2023-06-26,-18.0,-0.00018
2023-06-27,38.4,0.000384
2023-06-28,122.0,0.00122
2023-06-30,106.9,0.001069
2023-07-03,54.1,0.000541
2023-07-04,0.0,0.0
2023-07-05,-80.0,-0.0008
2023-07-06,63.5,0.000635
2023-07-07,49.6,0.000496
2023-07-10,-120.0,-0.0012
2023-07-11,-6.8,-6.8e-05
2023-07-12,-120.0,-0.0012
2023-07-13,-35.9,-0.000359
2023-07-14,0.0,0.0
2023-07-17,118.3,0.001183
2023-07-18,-72.4,-0.000724
2023-07-19,-17.6,-0.00017600000000000002
2023-07-20,120.0,0.0012
2023-07-21,120.0,0.0012
2023-07-24,0.0,0.0
2023-07-25,5.2,5.2000000000000004e-05
2023-07-26,42.5,0.000425
2023-07-27,120.0,0.0012
2023-07-28,0.0,0.0
2023-07-31,80.8,0.000808
2023-08-01,-120.0,-0.0012
2023-08-02,120.0,0.0012
2023-08-03,120.0,0.0012
2023-08-04,39.7,0.00039700000000000005
2023-08-07,46.2,0.000462
2023-08-08,-120.0,-0.0012
2023-08-09,-8.399999999999999,-8.399999999999998e-05
2023-08-10,-120.0,-0.0012
2023-08-11,68.5,0.000685
2023-08-14,-59.4,-0.000594
2023-08-16,21.6,0.00021600000000000002
2023-08-17,8.5,8.5e-05
2023-08-18,-80.0,-0.0008
2023-08-21,40.0,0.0004
2023-08-22,-16.5,-0.000165
2023-08-23,-23.4,-0.000234
2023-08-24,35.0,0.00035
2023-08-25,66.2,0.000662
2023-08-28,-48.8,-0.000488
2023-08-29,10.9,0.000109
2023-08-30,10.799999999999997,0.00010799999999999997
2023-08-31,57.0,0.00057
2023-09-01,79.4,0.0007940000000000001
2023-09-04,22.9,0.00022899999999999998
2023-09-05,30.1,0.000301
2023-09-06,-84.6,-0.000846
2023-09-07,134.9,0.0013490000000000002
2023-09-08,0.0,0.0
2023-09-11,89.2,0.000892
2023-09-12,-74.9,-0.0007490000000000001
2023-09-13,-40.6,-0.000406
2023-09-14,-120.0,-0.0012
2023-09-15,5.2,5.2000000000000004e-05
2023-09-18,-35.8,-0.000358
2023-09-20,129.2,0.001292
2023-09-21,60.7,0.000607
2023-09-22,-58.7,-0.0005870000000000001
2023-09-25,-86.6,-0.0008659999999999999
2023-09-26,-88.5,-0.000885
2023-09-27,36.599999999999994,0.00036599999999999995
2023-09-28,0.0,0.0
2023-09-29,40.0,0.0004
2023-10-03,6.2,6.2e-05
2023-10-04,-40.0,-0.0004
2023-10-05,-31.2,-0.000312
2023-10-06,37.3,0.00037299999999999996
2023-10-09,35.3,0.00035299999999999996
2023-10-10,98.5,0.000985
2023-10-11,10.2,0.000102
2023-10-12,-120.0,-0.0012
2023-10-13,-80.0,-0.0008
2023-10-16,-64.8,-0.0006479999999999999
2023-10-17,-65.1,-0.000651
2023-10-18,0.0,0.0
2023-10-19,-120.0,-0.0012
2023-10-20,29.0,0.00029
2023-10-23,240.0,0.0024
2023-10-25,175.2,0.0017519999999999999
2023-10-26,141.0,0.00141
2023-10-27,40.0,0.0004
2023-10-30,49.8,0.000498
2023-10-31,-120.0,-0.0012
2023-11-01,85.8,0.0008579999999999999
2023-11-02,-35.6,-0.00035600000000000003
2023-11-03,-40.0,-0.0004
2023-11-06,80.0,0.0008
2023-11-07,-61.3,-0.0006129999999999999
2023-11-08,20.5,0.000205
2023-11-09,18.1,0.000181
2023-11-10,-40.8,-0.000408
2023-11-13,-53.9,-0.000539
2023-11-15,63.0,0.00063
2023-11-16,120.0,0.0012
2023-11-17,19.5,0.000195
2023-11-20,34.1,0.000341
2023-11-21,-2.5,-2.5e-05
2023-11-22,-80.2,-0.000802
2023-11-23,-44.3,-0.000443
2023-11-24,-53.2,-0.000532
2023-11-28,79.2,0.0007920000000000001
2023-11-29,114.7,0.001147
2023-11-30,9.600000000000001,9.600000000000002e-05
2023-12-01,28.3,0.000283
2023-12-04,159.1,0.001591
2023-12-05,120.0,0.0012
2023-12-06,-46.3,-0.000463
2023-12-07,-42.2,-0.000422
2023-12-08,-83.8,-0.000838
2023-12-11,-31.6,-0.00031600000000000004
2023-12-12,0.0,0.0
2023-12-13,0.0,0.0
2023-12-14,74.5,0.000745
2023-12-15,120.0,0.0012
2023-12-18,1.2,1.2e-05
2023-12-19,-33.2,-0.00033200000000000005
2023-12-20,0.0,0.0
2023-12-21,-122.4,-0.001224
2023-12-22,0.0,0.0
2023-12-26,46.2,0.000462
2023-12-27,122.0,0.00122
2023-12-28,34.0,0.00034
2023-12-29,-120.0,-0.0012
2024-01-01,0.0,0.0
2024-01-02,120.0,0.0012
2024-01-03,127.3,0.001273
2024-01-04,57.8,0.000578
2024-01-05,-120.0,-0.0012
2024-01-08,0.0,0.0
2024-01-09,80.8,0.000808
2024-01-10,0.0,0.0
2024-01-11,-66.2,-0.000662
2024-01-12,176.5,0.001765
2024-01-15,78.0,0.00078
2024-01-16,-23.0,-0.00023
2024-01-17,126.0,0.00126
2024-01-18,-7.200000000000003,-7.200000000000003e-05
2024-01-19,-8.3,-8.300000000000001e-05
2024-01-20,-120.0,-0.0012
2024-01-23,120.0,0.0012
2024-01-24,-3.299999999999997,-3.299999999999997e-05
2024-01-25,-120.0,-0.0012
2024-01-29,240.0,0.0024
2024-01-30,0.0,0.0
2024-01-31,-120.0,-0.0012
2024-02-01,-6.600000000000001,-6.600000000000002e-05
2024-02-02,120.0,0.0012
2024-02-05,-120.0,-0.0012
2024-02-06,-130.7,-0.0013069999999999998
2024-02-07,-120.0,-0.0012
2024-02-08,-120.0,-0.0012
2024-02-09,-120.7,-0.001207
2024-02-12,0.0,0.0
2024-02-13,-125.5,-0.001255
2024-02-14,-120.0,-0.0012
2024-02-15,6.700000000000003,6.700000000000003e-05
2024-02-16,29.7,0.000297
2024-02-19,29.2,0.000292
2024-02-20,-120.0,-0.0012
2024-02-21,0.0,0.0
2024-02-22,-6.299999999999997,-6.299999999999997e-05
2024-02-23,-80.0,-0.0008
2024-02-26,0.0,0.0
2024-02-27,-120.0,-0.0012
2024-02-28,-120.0,-0.0012
2024-02-29,-120.0,-0.0012
2024-03-01,200.5,0.002005
2024-03-02,-2.6,-2.6000000000000002e-05
2024-03-04,-45.0,-0.00045
2024-03-05,0.0,0.0
2024-03-06,0.0,0.0
2024-03-07,-96.8,-0.000968
2024-03-11,146.9,0.001469
2024-03-12,-120.0,-0.0012
2024-03-13,120.8,0.0012079999999999999
2024-03-14,-11.0,-0.00011
2024-03-15,0.0,0.0
2024-03-18,-120.0,-0.0012
2024-03-19,96.6,0.000966
2024-03-20,0.0,0.0
2024-03-21,-31.2,-0.000312
2024-03-22,2.9000000000000057,2.9000000000000058e-05
2024-03-26,14.7,0.000147
2024-03-27,27.6,0.00027600000000000004
2024-03-28,240.0,0.0024
2024-04-01,-89.2,-0.000892
2024-04-02,-100.4,-0.0010040000000000001
2024-04-03,-92.5,-0.000925
2024-04-04,7.900000000000006,7.900000000000006e-05
2024-04-05,28.3,0.000283
2024-04-08,85.0,0.00085
2024-04-09,86.2,0.000862
2024-04-10,-10.2,-0.000102
2024-04-12,87.5,0.000875
2024-04-15,-1.4000000000000057,-1.4000000000000057e-05
2024-04-16,0.0,0.0
2024-04-18,0.0,0.0
2024-04-19,-23.0,-0.00023
2024-04-22,3.0,3e-05
2024-04-23,-80.0,-0.0008
2024-04-24,0.4,4e-06
2024-04-25,-120.0,-0.0012
2024-04-26,-120.0,-0.0012
2024-04-29,73.2,0.000732
2024-04-30,68.2,0.000682
2024-05-02,-120.0,-0.0012
2024-05-03,120.0,0.0012
2024-05-06,-130.4,-0.001304
2024-05-07,120.0,0.0012
2024-05-08,-120.0,-0.0012
2024-05-09,120.0,0.0012
2024-05-10,-120.0,-0.0012
2024-05-13,0.0,0.0
2024-05-14,64.1,0.000641
2024-05-15,-120.0,-0.0012
2024-05-16,-120.0,-0.0012
2024-05-17,96.7,0.000967
2024-05-18,-1.0,-1e-05
2024-05-21,40.0,0.0004
2024-05-22,23.5,0.000235
2024-05-23,120.0,0.0012
2024-05-24,-48.0,-0.00048
2024-05-27,0.0,0.0
2024-05-28,91.2,0.000912
2024-05-29,86.0,0.00086
2024-05-30,120.0,0.0012
2024-05-31,-120.0,-0.0012
2024-06-03,191.7,0.0019169999999999999
2024-06-04,330.6,0.0033060000000000003
2024-06-05,-52.30000000000001,-0.0005230000000000001
2024-06-06,-10.600000000000001,-0.00010600000000000002
2024-06-07,249.9,0.002499
2024-06-10,-54.199999999999996,-0.000542
2024-06-11,-65.8,-0.000658
2024-06-12,-16.9,-0.000169
2024-06-13,-74.9,-0.0007490000000000001
2024-06-14,-27.0,-0.00027
2024-06-18,24.0,0.00024
2024-06-19,-120.0,-0.0012
2024-06-20,-123.80000000000001,-0.0012380000000000002
2024-06-21,0.0,0.0
2024-06-24,-23.099999999999998,-0.00023099999999999998
2024-06-25,122.8,0.001228
2024-06-26,120.0,0.0012
2024-06-27,120.0,0.0012
2024-06-28,-120.0,-0.0012
2024-07-01,40.0,0.0004
2024-07-02,-79.6,-0.0007959999999999999
2024-07-03,53.4,0.000534
2024-07-04,-86.2,-0.000862
2024-07-05,-120.0,-0.0012
2024-07-08,-120.0,-0.0012
2024-07-09,47.7,0.00047700000000000005
2024-07-10,120.0,0.0012
2024-07-11,-120.0,-0.0012
2024-07-12,120.0,0.0012
2024-07-15,32.4,0.00032399999999999996
2024-07-16,-19.2,-0.000192
2024-07-18,0.0,0.0
2024-07-19,131.9,0.001319
2024-07-22,-0.9000000000000057,-9.000000000000056e-06
2024-07-23,-8.499999999999993,-8.499999999999992e-05
2024-07-24,0.0,0.0
2024-07-25,-45.099999999999994,-0.00045099999999999996
2024-07-26,240.0,0.0024
2024-07-29,0.0,0.0
2024-07-30,0.0,0.0
2024-07-31,-30.299999999999997,-0.000303
2024-08-01,-120.0,-0.0012
2024-08-02,116.7,0.001167
2024-08-05,159.6,0.001596
2024-08-06,-150.7,-0.0015069999999999999
2024-08-07,23.099999999999994,0.00023099999999999995
2024-08-08,-137.8,-0.001378
2024-08-09,-20.900000000000002,-0.000209
2024-08-12,-73.3,-0.0007329999999999999
2024-08-13,120.0,0.0012
2024-08-14,-33.0,-0.00033
2024-08-16,-129.4,-0.001294
2024-08-19,-37.8,-0.00037799999999999997
2024-08-20,48.8,0.000488
2024-08-21,-34.5,-0.000345
2024-08-22,-3.1,-3.1e-05
2024-08-23,-120.0,-0.0012
2024-08-26,110.9,0.001109
2024-08-27,-98.3,-0.000983
2024-08-28,-57.2,-0.000572
2024-08-29,-120.0,-0.0012
2024-08-30,6.5,6.5e-05
2024-09-02,-52.5,-0.000525
2024-09-03,-2.4,-2.4e-05
2024-09-04,-120.0,-0.0012
2024-09-05,-71.1,-0.0007109999999999999
2024-09-06,112.5,0.001125
2024-09-09,-120.0,-0.0012
2024-09-10,120.0,0.0012
2024-09-11,36.1,0.000361
2024-09-12,-120.0,-0.0012
2024-09-13,-18.9,-0.00018899999999999999
2024-09-16,-107.6,-0.001076
2024-09-17,-33.0,-0.00033
2024-09-18,-120.0,-0.0012
2024-09-19,-124.1,-0.001241
2024-09-20,120.0,0.0012
2024-09-23,44.0,0.00044
2024-09-24,17.7,0.000177
2024-09-25,-20.0,-0.0002
2024-09-26,120.0,0.0012
2024-09-27,-64.7,-0.000647
2024-09-30,240.0,0.0024
2024-10-01,16.2,0.00016199999999999998
2024-10-03,177.9,0.001779
2024-10-04,-132.4,-0.001324
2024-10-07,121.2,0.001212
2024-10-08,-148.2,-0.0014819999999999998
2024-10-09,120.6,0.001206
2024-10-10,-3.799999999999997,-3.799999999999997e-05
2024-10-11,-29.8,-0.00029800000000000003
2024-10-14,110.2,0.0011020000000000001
2024-10-15,-42.8,-0.000428
2024-10-16,0.0,0.0
2024-10-17,196.8,0.001968
2024-10-18,-126.5,-0.001265
2024-10-21,-95.1,-0.0009509999999999999
2024-10-22,8.0,8e-05
2024-10-23,-18.700000000000003,-0.00018700000000000002
2024-10-24,0.0,0.0
2024-10-25,240.0,0.0024
2024-10-28,291.3,0.0029130000000000002
2024-10-29,-2.5,-2.5e-05
2024-10-30,102.5,0.001025
2024-10-31,62.4,0.000624
2024-11-04,137.4,0.001374
2024-11-05,-120.0,-0.0012
2024-11-06,114.5,0.001145
2024-11-07,87.8,0.000878
2024-11-08,56.4,0.0005639999999999999
2024-11-11,-122.1,-0.0012209999999999999
2024-11-12,125.6,0.001256
2024-11-13,-2.0,-2e-05
2024-11-14,-2.1000000000000014,-2.1000000000000016e-05
2024-11-18,-2.1000000000000014,-2.1000000000000016e-05
2024-11-19,120.0,0.0012
2024-11-21,-15.100000000000001,-0.000151
2024-11-22,13.099999999999994,0.00013099999999999993
2024-11-25,-87.9,-0.000879
2024-11-26,-32.1,-0.000321
2024-11-27,-120.0,-0.0012
2024-11-28,0.0,0.0
2024-11-29,-21.800000000000004,-0.00021800000000000004
2024-12-02,-120.0,-0.0012
2024-12-03,138.8,0.0013880000000000001
2024-12-04,0.0,0.0
2024-12-05,120.0,0.0012
2024-12-06,-158.0,-0.00158
2024-12-09,0.0,0.0
2024-12-10,-120.0,-0.0012
2024-12-11,7.0,7e-05
2024-12-12,57.7,0.000577
2024-12-13,240.0,0.0024
2024-12-16,-80.0,-0.0008
2024-12-17,120.0,0.0012
2024-12-18,0.0,0.0
2024-12-19,-71.4,-0.000714
2024-12-20,1.4000000000000057,1.4000000000000057e-05
2024-12-23,0.0,0.0
2024-12-24,0.0,0.0
2024-12-26,17.8,0.00017800000000000002
2024-12-27,0.0,0.0
2024-12-30,0.0,0.0
2024-12-31,-1.6000000000000085,-1.6000000000000084e-05
2025-01-01,0.0,0.0
2025-01-02,240.0,0.0024
2025-01-03,-120.0,-0.0012
2025-01-06,-2.6000000000000014,-2.6000000000000015e-05
2025-01-07,-129.8,-0.0012980000000000001
2025-01-08,120.0,0.0012
2025-01-09,-77.2,-0.000772
2025-01-10,120.0,0.0012
2025-01-13,-140.60000000000002,-0.0014060000000000001
2025-01-14,-120.0,-0.0012
2025-01-15,0.0,0.0
2025-01-16,2.799999999999997,2.7999999999999972e-05
2025-01-17,0.0,0.0
2025-01-20,0.0,0.0
2025-01-21,-5.200000000000003,-5.200000000000003e-05
2025-01-22,-2.0999999999999943,-2.0999999999999945e-05
2025-01-23,99.2,0.000992
2025-01-24,-120.0,-0.0012
2025-01-27,-6.399999999999999,-6.399999999999998e-05
2025-01-28,118.6,0.001186
2025-01-29,-12.0,-0.00012
2025-01-30,0.0,0.0
2025-01-31,120.0,0.0012
2025-02-01,120.0,0.0012
2025-02-03,-0.70000000000001,-7.0000000000001e-06
2025-02-04,120.0,0.0012
2025-02-05,-120.0,-0.0012
2025-02-06,66.8,0.000668
2025-02-07,-122.7,-0.001227
2025-02-10,120.0,0.0012
2025-02-11,240.0,0.0024
2025-02-12,120.0,0.0012
2025-02-13,120.5,0.001205
2025-02-14,0.0,0.0
2025-02-17,-13.799999999999997,-0.00013799999999999997
2025-02-18,-120.0,-0.0012
2025-02-19,0.0,0.0
2025-02-20,-59.8,-0.000598
2025-02-21,0.0,0.0
2025-02-24,39.6,0.00039600000000000003
2025-02-25,-120.0,-0.0012
2025-02-27,42.9,0.00042899999999999997
2025-02-28,123.80000000000001,0.0012380000000000002
2025-03-03,-6.5,-6.5e-05
2025-03-04,-124.5,-0.001245
2025-03-05,240.0,0.0024
2025-03-06,139.8,0.0013980000000000002
2025-03-07,-3.200000000000003,-3.2000000000000026e-05
2025-03-10,0.0,0.0
2025-03-11,-120.0,-0.0012
2025-03-12,0.0,0.0
2025-03-13,3.0,3e-05
2025-03-17,-120.0,-0.0012
2025-03-18,120.0,0.0012
2025-03-19,25.2,0.000252
2025-03-20,120.0,0.0012
2025-03-21,120.0,0.0012
2025-03-24,120.0,0.0012
2025-03-25,0.0,0.0
2025-03-26,120.0,0.0012
2025-03-27,18.0,0.00018
2025-03-28,-120.0,-0.0012
2025-04-01,295.1,0.002951
2025-04-02,71.8,0.000718
2025-04-03,-120.0,-0.0012
2025-04-04,-4.299999999999997,-4.2999999999999975e-05
2025-04-07,298.9,0.002989
2025-04-08,-219.7,-0.0021969999999999997
2025-04-09,26.3,0.000263
2025-04-11,-26.9,-0.000269
2025-04-15,47.1,0.000471
2025-04-16,60.5,0.000605
2025-04-17,120.0,0.0012
2025-04-21,128.4,0.001284
2025-04-22,0.0,0.0
2025-04-23,-120.0,-0.0012
2025-04-24,-61.3,-0.0006129999999999999
2025-04-25,0.0,0.0
2025-04-28,203.3,0.002033
2025-04-29,-129.0,-0.00129
2025-04-30,-120.0,-0.0012
2025-05-02,-2.3000000000000043,-2.3000000000000044e-05
2025-05-05,0.0,0.0
2025-05-06,27.700000000000003,0.000277
2025-05-07,-124.0,-0.00124
2025-05-08,0.0,0.0
2025-05-09,-71.7,-0.0007170000000000001
2025-05-12,333.1,0.003331
2025-05-13,-21.89999999999999,-0.0002189999999999999
2025-05-14,-1.8999999999999986,-1.8999999999999984e-05
2025-05-15,0.0,0.0
2025-05-16,-56.7,-0.000567
2025-05-19,-29.1,-0.000291
2025-05-20,120.0,0.0012
2025-05-21,-120.0,-0.0012
2025-05-22,40.0,0.0004
2025-05-23,129.2,0.001292
2025-05-26,-120.0,-0.0012
2025-05-27,-138.7,-0.0013869999999999998
2025-05-28,-120.0,-0.0012
2025-05-29,-13.400000000000006,-0.00013400000000000006
2025-05-30,-120.0,-0.0012
2025-06-02,-120.0,-0.0012
2025-06-03,-2.8999999999999986,-2.8999999999999987e-05
2025-06-04,-15.5,-0.000155
2025-06-05,240.0,0.0024
2025-06-06,123.4,0.001234
2025-06-09,-28.1,-0.000281
2025-06-10,-64.3,-0.000643
2025-06-11,-38.0,-0.00038
2025-06-12,240.0,0.0024
2025-06-13,-143.8,-0.001438
2025-06-16,0.0,0.0
2025-06-17,-7.799999999999997,-7.799999999999997e-05
2025-06-18,40.0,0.0004
2025-06-19,-120.0,-0.0012
2025-06-20,120.0,0.0012
2025-06-23,-120.1,-0.001201
2025-06-24,-120.0,-0.0012
2025-06-25,40.0,0.0004
2025-06-26,120.0,0.0012
2025-06-27,83.7,0.0008370000000000001
2025-06-30,0.0,0.0
2025-07-01,-120.0,-0.0012
2025-07-02,33.9,0.000339
2025-07-03,-19.9,-0.00019899999999999999
2025-07-04,-20.7,-0.000207
2025-07-07,-29.8,-0.00029800000000000003
2025-07-08,54.6,0.000546
2025-07-09,-55.6,-0.000556
2025-07-10,126.0,0.00126
2025-07-11,120.0,0.0012
2025-07-14,36.4,0.000364
2025-07-15,65.9,0.0006590000000000001
2025-07-16,-29.4,-0.000294
2025-07-17,37.6,0.00037600000000000003
2025-07-18,108.0,0.00108
2025-07-21,-120.0,-0.0012
2025-07-22,-120.0,-0.0012
2025-07-23,80.1,0.000801
2025-07-24,96.0,0.00096
2025-07-25,88.7,0.000887
2025-07-28,0.0,0.0
2025-07-29,-120.0,-0.0012
2025-07-30,-49.4,-0.000494
2025-07-31,0.0,0.0
2025-08-01,0.0,0.0
2025-08-04,-120.0,-0.0012
2025-08-05,-55.7,-0.000557
2025-08-06,22.1,0.000221
2025-08-07,120.0,0.0012
2025-08-08,31.2,0.000312
2025-08-11,0.0,0.0
2025-08-12,0.0,0.0
2025-08-13,0.0,0.0
2025-08-14,-29.0,-0.00029
2025-08-18,-80.9,-0.000809
2025-08-19,10.399999999999999,0.00010399999999999998
2025-08-20,69.0,0.00069
2025-08-21,-3.4,-3.4e-05
2025-08-22,91.8,0.000918
2025-08-25,-13.0,-0.00013
2025-08-26,120.0,0.0012
2025-08-28,0.0,0.0
2025-08-29,0.0,0.0
2025-09-01,101.2,0.001012
2025-09-02,64.0,0.00064
2025-09-03,0.0,0.0
2025-09-04,-120.0,-0.0012
2025-09-05,120.0,0.0012
2025-09-08,12.3,0.000123
2025-09-09,39.7,0.00039700000000000005
2025-09-10,-69.0,-0.00069
2025-09-11,-10.3,-0.00010300000000000001
2025-09-12,56.4,0.0005639999999999999
2025-09-15,-120.0,-0.0012
2025-09-16,132.7,0.0013269999999999998
2025-09-17,24.6,0.000246
2025-09-18,-88.2,-0.0008820000000000001
2025-09-19,-18.4,-0.00018399999999999997
